review_text,rating,date,bank,source
good,5,2025-11-30,CBE,Google Play
CBE ·ã≠·àà·ã´·àç·ç¢,5,2025-11-29,CBE,Google Play
it's special for me,5,2025-11-29,CBE,Google Play
Make it user friendly.,2,2025-11-28,CBE,Google Play
maaliif daddafee install gaafata,3,2025-11-28,CBE,Google Play
good app,5,2025-11-28,CBE,Google Play
This application is very important and advantage for transfer of money and finance in the coutry and foriegn country.,5,2025-11-27,CBE,Google Play
why didn't work this app?,1,2025-11-27,CBE,Google Play
The app makes our life easier. Thank you CBE!,5,2025-11-27,CBE,Google Play
this app very bad üëé,1,2025-11-27,CBE,Google Play
the most advanced app. but how to stay safe?,5,2025-11-26,CBE,Google Play
Good application,4,2025-11-26,CBE,Google Play
It is nice app,5,2025-11-26,CBE,Google Play
best,5,2025-11-25,CBE,Google Play
good app,5,2025-11-25,CBE,Google Play
"it suddenly asked me to enter the verification key I received. and it (*get your verification key from the nearest CBE Branch*) Now I'm in Australia, what do you expect me to do???! There is no nearest or furthermost cbe Branch!! SO FRUSTRATING! How can I manage my bank account now????",1,2025-11-25,CBE,Google Play
nice app...,5,2025-11-24,CBE,Google Play
very good banking service and fast service,5,2025-11-24,CBE,Google Play
thanks blc this app help me to use all time,5,2025-11-24,CBE,Google Play
good,5,2025-11-24,CBE,Google Play
why we can't send money to other people telebirr wallets??,1,2025-11-23,CBE,Google Play
·ä†·â≥·çç·à©·àù ·åç·äï ·àà15 birr 11.50 ·â•·à≠ ·àµ·âµ·âÜ·à≠·å° ·ã≠·àµ·â∞·ä´·ä®·àç·àç·äï,1,2025-11-23,CBE,Google Play
·â†·å£·àù ·âÄ·àã·àç·äì ·àù·âπ ·äê·ãç·ç¢,5,2025-11-23,CBE,Google Play
wow,5,2025-11-23,CBE,Google Play
good,5,2025-11-22,CBE,Google Play
nice,5,2025-11-22,CBE,Google Play
you are the reason why i got ye chogara himem,1,2025-11-22,CBE,Google Play
it is so smart app i recommend it for everyone,5,2025-11-22,CBE,Google Play
excellent,5,2025-11-22,CBE,Google Play
good,5,2025-11-21,CBE,Google Play
·ã≥·åä,5,2025-11-21,CBE,Google Play
absolutely right,5,2025-11-21,CBE,Google Play
good app,5,2025-11-21,CBE,Google Play
mid application it's so annoying,3,2025-11-20,CBE,Google Play
I used morethan one year,4,2025-11-20,CBE,Google Play
no word can explane about this app it is nice üëçüëçüëçüëçüëç,5,2025-11-20,CBE,Google Play
"It's great app,I love this app",5,2025-11-20,CBE,Google Play
Nice,5,2025-11-19,CBE,Google Play
suckkkks,1,2025-11-19,CBE,Google Play
not allowing to transfer and showing current statement updates.,1,2025-11-19,CBE,Google Play
I love you this app,5,2025-11-18,CBE,Google Play
"fast and convenient app, thanks for your dedication as a bank to provide good options to your cuatomers.",1,2025-11-18,CBE,Google Play
make life easy,5,2025-11-18,CBE,Google Play
securr,5,2025-11-18,CBE,Google Play
My most optional bank,5,2025-11-17,CBE,Google Play
5 star,5,2025-11-16,CBE,Google Play
it is fantastic app.,5,2025-11-16,CBE,Google Play
excellent,5,2025-11-16,CBE,Google Play
sifen,5,2025-11-15,CBE,Google Play
i like this‚àö,4,2025-11-15,CBE,Google Play
Ok,3,2025-11-15,CBE,Google Play
·å•·à© App ·äê·ãâ ·ç¢ ·ã®·äî ·ã®·åç·àç ·ä†·àµ·â∞·ã´·ã®·âµ- Update ·ãà·ã≠·äï·àù cache cleaning app ·à≤·ã∞·à®·åç ·àà·àù·äï·ãµ·äê·ãâ ·ã∞·åç·àò·äï login ·àµ·äì·ã∞·à≠·åç Restricted ·àö·ã´·ã∞·à≠·åà·ãâ ·â¢·àµ·â∞·ä´·ä®·àç ·ä•·äï·ã∞ ·àÄ·à≥·â• ·å•·à© ·äê·ãâ·ç¢ ·â†·ãõ·àã·ã≠ ·ãµ·åã·àö ·ä†·ä≠·â≤·â¨·âµ ·àà·àõ·àµ·ã∞·à®·åç ·ä®·çç·àà·äï ..,5,2025-11-15,CBE,Google Play
"Seriously, what‚Äôs going on with this app? The ""Pay to Beneficiary"" option is completely disabled for Android users, yet iOS users get full access without restrictions. Why are Android users being treated like second class customers? It‚Äôs the same app, the same service, but clearly not the same experience. This kind of platform bias is unacceptable, either give everyone the same features or be transparent about why you‚Äôre limiting functionality. Right now, it just feels unfair and frustrating.",1,2025-11-15,CBE,Google Play
Like,5,2025-11-13,CBE,Google Play
Nice and very useful app i like it!,5,2025-11-13,CBE,Google Play
good,5,2025-11-12,CBE,Google Play
Good,5,2025-11-12,CBE,Google Play
Good,5,2025-11-12,CBE,Google Play
smart app,4,2025-11-12,CBE,Google Play
good App,5,2025-11-12,CBE,Google Play
sync problem may 22 2025 but the date stack on may 8 2025 help pls,5,2025-11-12,CBE,Google Play
ok,5,2025-11-11,CBE,Google Play
cbe is my choice,4,2025-11-11,CBE,Google Play
Awesome,5,2025-11-11,CBE,Google Play
I am not able to transfer. The app is not responding,1,2025-11-11,CBE,Google Play
Very convenient App,5,2025-11-10,CBE,Google Play
excellent but sometimes can not connect,5,2025-11-10,CBE,Google Play
good app,5,2025-11-10,CBE,Google Play
wow apk,5,2025-11-10,CBE,Google Play
best 100 %,5,2025-11-10,CBE,Google Play
bad app,1,2025-11-10,CBE,Google Play
best app,5,2025-11-10,CBE,Google Play
wow,5,2025-11-10,CBE,Google Play
nice app,5,2025-11-10,CBE,Google Play
bad app,4,2025-11-10,CBE,Google Play
the app constantly glitches and won't stop loading despite having a decent connection and a cleared cache. telebirr is way better,1,2025-11-10,CBE,Google Play
I can't access it properly I think it needs update,1,2025-11-10,CBE,Google Play
üëåüëå,5,2025-11-10,CBE,Google Play
best üëå,5,2025-11-10,CBE,Google Play
good,4,2025-11-10,CBE,Google Play
not Refresh,2,2025-11-09,CBE,Google Play
your statement is not used as wanted,1,2025-11-09,CBE,Google Play
good very good,5,2025-11-09,CBE,Google Play
this is absolute trash why because it's not Woking most time the servers are down even though I'm using 4g data Internet they steal not working they use to work with out even data package now it's trash can't even send money,1,2025-11-09,CBE,Google Play
good app,5,2025-11-08,CBE,Google Play
Bayeee galatooma kana caalati nu gammachisa üåèü§åüèªüí¥üí∏ü•∞üëåüèªüôèüèª,5,2025-11-08,CBE,Google Play
Good !,5,2025-11-08,CBE,Google Play
i like it,5,2025-11-08,CBE,Google Play
Very nice app,5,2025-11-08,CBE,Google Play
the app is not functional this week.,4,2025-11-07,CBE,Google Play
good,5,2025-11-07,CBE,Google Play
very updated bank,5,2025-11-05,CBE,Google Play
tankyu,5,2025-11-05,CBE,Google Play
nice,5,2025-11-05,CBE,Google Play
Numbers 2 and 3 don't write during pin verification.,5,2025-11-05,CBE,Google Play
"once it is uninstalled, you need to visit a nearby bank. you go there and they ask you to have a new sim card which hasn't been used before. so you should buy a new sim card and you go back to them with a new sim card, when you reach there service provider says authentication pin is not arrive, the system is not working come back tomorrow.",1,2025-11-05,CBE,Google Play
loved it,5,2025-11-05,CBE,Google Play
Ok,1,2025-11-05,CBE,Google Play
this app is not working on my phone,5,2025-11-03,CBE,Google Play
CBE needs to show transaction fees before the transaction is confirmed and not after. This is a big issue as fees are no longer insignificant.,3,2025-11-03,CBE,Google Play
"After the recent updates, I am unable to download a receipt. I can't see the names of account holders I've previously transacted with. Very important. Please fix it asap.",1,2025-11-02,CBE,Google Play
nice,5,2025-11-02,CBE,Google Play
wow üòòüòòüòò,4,2025-11-02,CBE,Google Play
mobile banking broblem,5,2025-11-01,CBE,Google Play
good job,5,2025-11-01,CBE,Google Play
good,3,2025-10-31,CBE,Google Play
it is a good and clear apps to use,4,2025-10-31,CBE,Google Play
·àà·àù·äï·ãµ·äï ·äê·ãç ·ä®·äï·åç·ãµ ·â£·äï·ä≠ ·ãà·ã∞ ·â¥·àå·â•·à≠ 5 ·â•·à≠ ·à≤·â∞·àã·àà·çç 11 ·â•·à≠ ·ä•·äï·ã≤·âÜ·à≠·å• ·ã´·ã∞·à®·åã·âΩ·àÅ·âµ,1,2025-10-31,CBE,Google Play
I love this app b/c every option in the app very clear and supportive.,5,2025-10-30,CBE,Google Play
niiceh,5,2025-10-29,CBE,Google Play
the app is good but their is no dark mode you have to add it,3,2025-10-29,CBE,Google Play
ü§Æ,1,2025-10-28,CBE,Google Play
abdulakim abrahim elemoo,5,2025-10-28,CBE,Google Play
good app,5,2025-10-28,CBE,Google Play
strong,5,2025-10-28,CBE,Google Play
good,5,2025-10-28,CBE,Google Play
best,5,2025-10-28,CBE,Google Play
Abebaw Zenebe,5,2025-10-28,CBE,Google Play
good I love it keep it up but if we had a new update that will be fire Soo good,5,2025-10-27,CBE,Google Play
good,5,2025-10-27,CBE,Google Play
Cbe,5,2025-10-27,CBE,Google Play
Active and granted system,5,2025-10-27,CBE,Google Play
fast app,4,2025-10-26,CBE,Google Play
cool üòé,5,2025-10-26,CBE,Google Play
Galaxy A10s,3,2025-10-26,CBE,Google Play
the best apps,5,2025-10-26,CBE,Google Play
arif app new,5,2025-10-26,CBE,Google Play
laga Bari biranch,5,2025-10-25,CBE,Google Play
·äê·äê·à†·äê·à†·à†·äê·à†·à†·à†·à†·äê·ã®·äê,5,2025-10-25,CBE,Google Play
I would like to suggest you improve the time out as it takes the money and doesn't return it back until the next day.,3,2025-10-25,CBE,Google Play
Attractive,5,2025-10-25,CBE,Google Play
mite,5,2025-10-24,CBE,Google Play
useful,5,2025-10-23,CBE,Google Play
nice,4,2025-10-23,CBE,Google Play
"not good, not bad!",3,2025-10-23,CBE,Google Play
very good,5,2025-10-23,CBE,Google Play
·ä•·åÖ·åç ·â†·å£·àù ·ä†·àµ·âÄ·ã´·àö ·å†·âÅ·ä†·àù ·ãò·à®·çã ·â†·àö·â£·àç ·ã∞·à≠·åÉ ·ã® ·ä†·åà·àç·åç·àé·âµ ·ã®·àö·âÄ·â†·àç ·ã´·àç·à∞·à´·â†·âµ·äï ·ã®·åà·ãõ ·åà·äï·ãù·â†·â£·âΩ·äï·äï ·â∞·ãò·à®·çç·äï ·ä® 100·â•·à≠ 10·â•·à≠ ·ã®·ä†·åà·àç·åç·àé·âµ ·àõ·àµ·ä®·çà·àç ·àù·äï ·àõ·àà·âµ ·äê·ãç ·ä•·â£·ä´·âΩ·àÅ ·ä•·ã©·âµ ·ä•·àµ·âµ·ã≠ ·ä® ·àû·â£·ã≠·àç ·â£·äï·ä≠ ·ãà·ã∞ ampsa ·ä†·àµ·â∞·àã·àç·çâ·äì ·ä•·ã©·âµ ·â†·å£·àù ·ã≠·åà·à≠·àõ·àç ·àå·â£ ·â•·ã´·â∏·ãã·àç·àÅ,1,2025-10-22,CBE,Google Play
good job,5,2025-10-22,CBE,Google Play
imp,5,2025-10-22,CBE,Google Play
super fast app,5,2025-10-21,CBE,Google Play
good app,4,2025-10-20,CBE,Google Play
useful,5,2025-10-20,CBE,Google Play
"The app has a nice design and useful features like balance check and transfers, but it‚Äôs unstable and often fails to connect. It also forces users to turn off Developer Options, which is unnecessary ‚Äî other banking apps work fine without that. Many people use Developer Mode for normal reasons. Please fix performance issues, remove this restriction, and add biometric login for better security and convenience",2,2025-10-18,CBE,Google Play
cbe,4,2025-10-18,CBE,Google Play
"it says ""ti is work any more in your device"" what can i do??",1,2025-10-18,CBE,Google Play
blah blah blah,5,2025-10-17,CBE,Google Play
good,5,2025-10-17,CBE,Google Play
bad ·åç·ã¥·â≥ ·àò·àÜ·äï·àÅ,1,2025-10-17,CBE,Google Play
best,5,2025-10-17,CBE,Google Play
CBE no.1,5,2025-10-17,CBE,Google Play
good,5,2025-10-17,CBE,Google Play
good,5,2025-10-16,CBE,Google Play
"it's not work correctly when it's needed sometimes, but it works sometimes though",2,2025-10-16,CBE,Google Play
its easy to use and more secured than the previous one. i love it and appreciate commercial bank of ethiopia for every time update.,5,2025-10-16,CBE,Google Play
gooof,5,2025-10-16,CBE,Google Play
"Suddenly the cbe application I was using stopped working and called callcenter, I was told it's because it expired and I should vist any branch to fix it. So I went to CBE Silassie branch.After filling a form they gave me, I sat down and waited until they finish fixing 2 customer's case who arrived before me. But then when it was my turn ppl who came after me with same mobile banking and even Atm card cases were finishing up and leaving I had to get back to my work so I left.with no service.why?",1,2025-10-16,CBE,Google Play
Best app,5,2025-10-15,CBE,Google Play
best,5,2025-10-15,CBE,Google Play
still not perfect like before,1,2025-10-15,CBE,Google Play
This app dash board is disturbing me. it is not showing me traxation and my balance while displaying others option on dashboard. I think it is a risk full appüò≠üò≠üò≠ü§§ü§§,1,2025-10-15,CBE,Google Play
APPLIED,1,2025-10-14,CBE,Google Play
10 years ago,4,2025-10-14,CBE,Google Play
Asefa Obsa,5,2025-10-14,CBE,Google Play
best app,4,2025-10-14,CBE,Google Play
it's good app,5,2025-10-14,CBE,Google Play
very slow,1,2025-10-14,CBE,Google Play
berhan deriba wami,4,2025-10-13,CBE,Google Play
good,5,2025-10-13,CBE,Google Play
mahamad Usman,5,2025-10-13,CBE,Google Play
Erako,5,2025-10-13,CBE,Google Play
üî•üî•üî•üî•üî•,5,2025-10-13,CBE,Google Play
opne,5,2025-10-13,CBE,Google Play
mehommd nuri,5,2025-10-13,CBE,Google Play
Best,5,2025-10-12,CBE,Google Play
good,5,2025-10-12,CBE,Google Play
providing very secure service.,5,2025-10-12,CBE,Google Play
good,5,2025-10-12,CBE,Google Play
apk ·ä†·à™·çç ·äê·ãç ·åç·äï ·â†·å£·àù apkwun ·ã®·àö·ä®·çç·â± ·ã® ·â£·äï·ä≠ ·à∞·à´·â∞·äû·âΩ ·â†·å£·àù ·ã∞·ä´·àõ ·äì·â∏·ãç ·à≤·ã´·àµ·â∞·äì·åç·ã± ·àà ·ã∞·äï·â†·äõ ·ä≠·â•·à≠ ·ã®·àã·â∏·ãç·àù ·ä•·äî ·àò·àò·àã·àà·àµ ·ä®·åÄ·àò·à≠·ä© ·âÜ·ã®·ãç ·åç·äï ·àò·çç·âµ·àÖ ·àã·åà·äù ·ä†·àç·âΩ·àç·ä©·àù ::,1,2025-10-12,CBE,Google Play
·ã≥·à≠ ·äë·àÆ ·àã·àà·ãç ·ä£·çç·à™·âª·äï ·ãç,5,2025-10-12,CBE,Google Play
RIYAD Mohammed Abaoli 92 527 2567,5,2025-10-12,CBE,Google Play
it doesn't show bank statement and no options to see transactions for the past months.,2,2025-10-11,CBE,Google Play
Mamma Husen,2,2025-10-11,CBE,Google Play
ok,5,2025-10-10,CBE,Google Play
3 stars because I can't see all my transaction history apart from the recents and a refresh button has been removed from the Recents activity. The app should allow clients to view all of the transactions not just recents.,3,2025-10-10,CBE,Google Play
good,5,2025-10-10,CBE,Google Play
exceptional application from others bank,5,2025-10-10,CBE,Google Play
"it is very nice. but i have a serious suggestion when you send to other cbe birr customer, it does not show the name of the recipient befor it actually send the money. please improve this",4,2025-10-10,CBE,Google Play
goodüëçüëçüëçüòäüòäüòä,5,2025-10-10,CBE,Google Play
really good app,5,2025-10-10,CBE,Google Play
smart bank CBE,5,2025-10-10,CBE,Google Play
Ali urgesa11,3,2025-10-09,CBE,Google Play
it's good,5,2025-10-09,CBE,Google Play
Good apps,5,2025-10-09,CBE,Google Play
good,5,2025-10-09,CBE,Google Play
password ·â†·å£·âµ ·ä†·àª·à´ ·â¢·äñ·à®·ãç ·àò·àç·ä´·àù ·äê·â†·à≠,4,2025-10-09,CBE,Google Play
good,5,2025-10-09,CBE,Google Play
best app i ever seen,5,2025-10-09,CBE,Google Play
it's game changing in financial system,4,2025-10-08,CBE,Google Play
"z,MKT 20_._!8+‚Öì‚Öïüòòr",1,2025-10-08,CBE,Google Play
will good updating,5,2025-10-08,CBE,Google Play
"service charge , vat, fee everything here is not yours they wanna take what you have, everything is not fair",1,2025-10-08,CBE,Google Play
why removing screenshot feature why?,2,2025-10-08,CBE,Google Play
very good application! thank you all who participate!,5,2025-10-08,CBE,Google Play
application bank commercial Ethiopia I am very happy to be able to appear in a great job on a pleasant job,5,2025-10-08,CBE,Google Play
user compatible app!,5,2025-10-08,CBE,Google Play
"I am trying to access this app on my Android phone, but sometimes doesn't work. so kindly try to improve it.",3,2025-10-07,CBE,Google Play
what an amazing app. you know how much it simplify life. Thanks cbe. I proud of you.,5,2025-10-06,CBE,Google Play
Our Commercial Bank of Ethiopia is Good !,5,2025-10-06,CBE,Google Play
Asledin Ibsa,5,2025-10-06,CBE,Google Play
terrible when showing history of transaction it shows in disorganised way,3,2025-10-05,CBE,Google Play
my bank,5,2025-10-05,CBE,Google Play
Data,5,2025-10-04,CBE,Google Play
"lately I am facing a problem with the app ,and the problem is when log in and inter my pin it doesn't work at all and says 'can't sync' why does it say that I was working fine a few day ago and also it says when I enter my pin 'change your pin to 6 digit pin and it doesn't allow me to change it please solve what is the problem with the app ?",2,2025-10-04,CBE,Google Play
excellent app with lots of features,5,2025-10-04,CBE,Google Play
very good üëç mobile banking,5,2025-10-04,CBE,Google Play
so special,5,2025-10-03,CBE,Google Play
wiiy ewdihiliw esimirt niho yitnehew metgeyot ‚ù§üíûü§îüò¥ü§©üòç,1,2025-10-03,CBE,Google Play
woow cbe,5,2025-10-03,CBE,Google Play
cbe the best bank app,4,2025-10-03,CBE,Google Play
This App CBE bank it's Simple and Smart I Like it.,5,2025-10-03,CBE,Google Play
Rijalufaris,5,2025-10-02,CBE,Google Play
its Best app But i hate the Repeatedly update request,5,2025-10-02,CBE,Google Play
good app,5,2025-10-02,CBE,Google Play
imoo,3,2025-10-02,CBE,Google Play
"it was good since it become a robber the vat ,tax,service charge,unbelievable charge to send to other bank, monthly charge,etc i hope one international bank comes and we all leave this bank. enough is enough",1,2025-10-02,CBE,Google Play
screen shoot always not allowed why?,5,2025-10-01,CBE,Google Play
enkorabetalen,5,2025-10-01,CBE,Google Play
good,5,2025-10-01,CBE,Google Play
Gamada mahamadi,1,2025-09-30,CBE,Google Play
it is very good banking web but its network is sometimes busy i hope they willfix the problem,4,2025-09-30,CBE,Google Play
verfcasencod,5,2025-09-29,CBE,Google Play
you can't get your own transaction history,1,2025-09-28,CBE,Google Play
sintu,5,2025-09-28,CBE,Google Play
BEST,5,2025-09-28,CBE,Google Play
Bank of Ethiopia,5,2025-09-28,CBE,Google Play
"All most Good, but need improvement",5,2025-09-27,CBE,Google Play
"Great application for me,So I would like to rate with Solid 5 star.That It works well overall. So hello everyone enjoy the apps",5,2025-09-27,CBE,Google Play
poor app all of you guys delete CBE and download BOA,1,2025-09-26,CBE,Google Play
niceapp,5,2025-09-26,CBE,Google Play
good,5,2025-09-26,CBE,Google Play
good,5,2025-09-25,CBE,Google Play
good,5,2025-09-25,CBE,Google Play
the best app of all,5,2025-09-25,CBE,Google Play
‚ù§Ô∏è,5,2025-09-25,CBE,Google Play
"Most of the time when I try to open the app, it does not load. The circle keeps spinning as if it is trying to open, and get a message saying "" 2 attempts left for offline login"". This seems to mean that the app cannot connect to the internet, even though I have a stable internet connection, and all other stuff work properly.",2,2025-09-24,CBE,Google Play
Juhaar,5,2025-09-24,CBE,Google Play
I am using CBE app very fantastic.,5,2025-09-24,CBE,Google Play
bist app tankyou,4,2025-09-23,CBE,Google Play
this is very useful and consistent app,5,2025-09-23,CBE,Google Play
"this application provides timely service in a good, fast and reliable manner.",5,2025-09-23,CBE,Google Play
So good,5,2025-09-23,CBE,Google Play
it will be more better if the app have the feature receipt verifying from QR CODE SCREENSHOT IMAGES FROM gallery ... currently IT WORKS ONLY FROM DIRECT CAMERA CAPTURING,4,2025-09-22,CBE,Google Play
"From the UX perspective it can be better, it's old and it's not obvious where you can find some things",3,2025-09-22,CBE,Google Play
It is amazing app but it is more better if it is possible to transfer from account to other telebirr,5,2025-09-22,CBE,Google Play
"The app was great while it was active. However, after the app did an update, I lost connection with a message ""Network Error"". Please try to fix it as there are many clients of CBE using this app globally from abroad countries.",3,2025-09-21,CBE,Google Play
very important app,4,2025-09-21,CBE,Google Play
the best of all mobile banking in Ethiopia works perfectly fine,5,2025-09-21,CBE,Google Play
ok,5,2025-09-21,CBE,Google Play
DANTRO BAND!!!,5,2025-09-21,CBE,Google Play
some time when make transfer from Mobile account to other cbebirr wallet no show customer name so please check it......thanks my cbe.. cbebirr application very nice application wallet,5,2025-09-20,CBE,Google Play
this app is very useful but sometimes when you want to see specific transactions it didn't work so that way i gave 3,3,2025-09-20,CBE,Google Play
why i must visit the branch i opened my account to activate the mobile banking services? if it a connected network it maybe done from any branch.,1,2025-09-20,CBE,Google Play
·ä†·à™·çç ·äê·ãç ·ä†·àÅ·äï ·ã∞·åç·àû ·ä•·àµ·ä≠·à™·äï ·àπ·âµ ·àõ·à®·åç ·â†·àò·âª·àå ·ã∞·åç·â•·àé·äõ·àç,5,2025-09-20,CBE,Google Play
asfaw damse,5,2025-09-19,CBE,Google Play
ok,5,2025-09-19,CBE,Google Play
nice,5,2025-09-19,CBE,Google Play
jabadhaa namatii tolataan,5,2025-09-19,CBE,Google Play
"The App is very good in its interface and user friendly. But it could be a pro app had it had additional feature that let us run multiple accounts on a single phone with an option of ""additional"" account!",3,2025-09-19,CBE,Google Play
The app is user friendly. But i want some amendment or include option of sending money to other tele birr like other cbe birr.,4,2025-09-18,CBE,Google Play
Truly amazing!,5,2025-09-17,CBE,Google Play
Doesn't have option to generate statement for transactions,3,2025-09-17,CBE,Google Play
üòé,5,2025-09-17,CBE,Google Play
JanaleBl,5,2025-09-17,CBE,Google Play
very good,5,2025-09-17,CBE,Google Play
very good,5,2025-09-17,CBE,Google Play
nice application,5,2025-09-17,CBE,Google Play
WaaaaaaaW,1,2025-09-17,CBE,Google Play
very nice,5,2025-09-16,CBE,Google Play
Of,5,2025-09-16,CBE,Google Play
it's best app to use recently and upgraded day to day for internationalization,4,2025-09-16,CBE,Google Play
Easy to use and not Complicated üëç,5,2025-09-15,CBE,Google Play
apdat the app,5,2025-09-14,CBE,Google Play
good in bankin at any time & any where.,5,2025-09-13,CBE,Google Play
great,5,2025-09-13,CBE,Google Play
"WHAT A USELESS APP! Transfers, wallet payments, other banks ‚Äî nothing works. Updated, restarted, cleared cache, reinstalled ‚Äî still useless. Crashed and forced me to visit a branch just to log in 3 times. One of the biggest banks in the country can‚Äôt fix issues a junior developer could solve. Completely unreliable. Big bank , Zero functionality!",1,2025-09-13,CBE,Google Play
it is best to me,1,2025-09-13,CBE,Google Play
hayizgi mebrahtom feshay,5,2025-09-13,CBE,Google Play
best,5,2025-09-12,CBE,Google Play
good,5,2025-09-12,CBE,Google Play
great,5,2025-09-12,CBE,Google Play
Excellent app,5,2025-09-12,CBE,Google Play
good,5,2025-09-12,CBE,Google Play
after apdate the app doesn't work any thing else it said enable to connects,1,2025-09-11,CBE,Google Play
love,5,2025-09-11,CBE,Google Play
good,3,2025-09-11,CBE,Google Play
Hasasa bank,1,2025-09-11,CBE,Google Play
All ways Trusted.,5,2025-09-10,CBE,Google Play
best MB application in Ethiopia financial sector.,5,2025-09-10,CBE,Google Play
I like this app,5,2025-09-10,CBE,Google Play
am tired why I have to update every 5 day,1,2025-09-10,CBE,Google Play
excellent,5,2025-09-10,CBE,Google Play
best,5,2025-09-10,CBE,Google Play
usb debugig mode bicha off endidereg axrigu like awash bank,1,2025-09-10,CBE,Google Play
good morning üôè,5,2025-09-09,CBE,Google Play
nice,5,2025-09-09,CBE,Google Play
am happy üòÉ,5,2025-09-09,CBE,Google Play
good,5,2025-09-09,CBE,Google Play
wowww,5,2025-09-08,CBE,Google Play
KEHRU nasir AbFIXA,5,2025-09-08,CBE,Google Play
It is well organized.,5,2025-09-08,CBE,Google Play
Can't see the nearest Branch or ATM available,2,2025-09-08,CBE,Google Play
excellent,5,2025-09-07,CBE,Google Play
very good,5,2025-09-07,CBE,Google Play
the app does not open,1,2025-09-07,CBE,Google Play
from Monk,3,2025-09-06,CBE,Google Play
"Amazing, Delightful and Seamless Mobile Banking Application, I have ever Experienced!! Indeed, I feel Great Proud to be part of your Stakeholder! My First Choice Bank, Commercial Bank of Ethiopia, The Pioneer and Leading in Digital Banking Services in Ethiopia! Five stars ‚≠ê‚≠ê‚≠ê‚≠ê‚≠ê are little to you! Thank you so muchüôè",5,2025-09-06,CBE,Google Play
incredible,5,2025-09-06,CBE,Google Play
good,5,2025-09-06,CBE,Google Play
·ã®·ãö·àÖ ·ä†·çï ·â∞·å†·âÉ·àö ·äê·â†·à≠·ä© ·ã´·àà·àÅ·âµ ·ä®·àÄ·åà·à≠ ·ãç·å≠ ·äê·ãç ·ä•·äì ·ä•·ã®·â∞·å†·âÄ·àù·ä©·â†·âµ ·à≥·àà ·ä†·â•·ã∞·âµ ·ä†·ãµ·à≠·åä ·ä†·àà·äù ·à≥·à®·åà·ãç ·çì·àµ·ãà·à≠·ãµ ·ä•·äï·ã¥ ·ä†·ãµ·àµ ·å†·ã®·âÄ·äù ·ä•·äï·ã¥·ãç ·ä•·äî ·ä†·àà·àÅ·â†·âµ ·àÄ·åà·à≠ ·àÜ·äò ·àò·àµ·â∞·ä´·ä®·àç ·ä®·âª·àà ·â∞·â£·â†·à©·äù ·â†·å£·àù ·ä†·àµ·çà·àã·åä·ã¨ ·äê·ãç ::,5,2025-09-05,CBE,Google Play
it's the best money transfer app ever,5,2025-09-05,CBE,Google Play
it is nice,5,2025-09-05,CBE,Google Play
user friendly. best.,5,2025-09-05,CBE,Google Play
üôè,5,2025-09-05,CBE,Google Play
·ä†·à™·çç,5,2025-09-05,CBE,Google Play
best app!!!,5,2025-09-05,CBE,Google Play
"It is good app and really user friendly , but it not possible to start service after the app is uninstalled or device phone is changed. So please make it easy for us, after once you set us the requirements in your office we should have to use it only by install and launch it. We do not have to visit the near by branch office every time for such silly businesses but important things. in addition to that why is that for hidding senders name or account number How can I know who tranfers to me???",4,2025-09-05,CBE,Google Play
very good app,5,2025-09-04,CBE,Google Play
best,5,2025-09-04,CBE,Google Play
jabirabdala,5,2025-09-04,CBE,Google Play
unfair cost of transportations... what a shame!!!,1,2025-09-04,CBE,Google Play
"I think it is a good app to use easily. However, I have one more comment: the app does not automatically sync or update the balance in real time. Please review this issue. For example, when someone transfers money, the receiver's app does not sync automatically. It requires the user to manually initiate an update to see the current balance.",4,2025-09-04,CBE,Google Play
WAW!!! I AM PROUD!!! MY STRONG BANK WORKS AT BEST EVEN IN A REMOTE LOCATION HERE IN MALABO (ECUATORIAL GUINEA). MEWOLID MUBARAK CBE!!!,5,2025-09-03,CBE,Google Play
zinaa Ahmed,5,2025-09-03,CBE,Google Play
absolutely excellent,5,2025-09-03,CBE,Google Play
nice,4,2025-09-03,CBE,Google Play
Good,5,2025-09-03,CBE,Google Play
amazing app,5,2025-09-03,CBE,Google Play
perfect and easy,5,2025-09-03,CBE,Google Play
fastest,5,2025-09-03,CBE,Google Play
good,5,2025-09-03,CBE,Google Play
My account is not working,4,2025-09-03,CBE,Google Play
The recent update is not optimized fir latest version of android,2,2025-09-02,CBE,Google Play
topp,5,2025-09-01,CBE,Google Play
very good,5,2025-09-01,CBE,Google Play
I appreciate it,5,2025-09-01,CBE,Google Play
v.good app,5,2025-09-01,CBE,Google Play
Nice,4,2025-08-31,CBE,Google Play
sahib amin jamal,1,2025-08-30,CBE,Google Play
installi,5,2025-08-30,CBE,Google Play
good,5,2025-08-30,CBE,Google Play
very good apps,5,2025-08-30,CBE,Google Play
üëçüëçüëçüëç,1,2025-08-30,CBE,Google Play
the app say it is not compatible with ur phone can u fix it it is not updating.,1,2025-08-29,CBE,Google Play
"I would like to give you some feedback on Current update, its very nice and easy to useüëç but in some button there is still not improved For example while iwant to check my recent Txn it not well sequenced and arranged or some txn may not appear ... becouse of this i see many of users of this app discomferted maily merchants and those make High txn daily. improve and miximize the txn shown to 300 up to 500. make Searchable Recent txn button! All in all the bank i Relly on! CBE my bank !",5,2025-08-29,CBE,Google Play
tinishu titiba,5,2025-08-29,CBE,Google Play
"essy to use ,has great interface and user-friendly g",5,2025-08-29,CBE,Google Play
Yuuuuu,5,2025-08-29,CBE,Google Play
I found it very much friendly,5,2025-08-29,CBE,Google Play
"Very useful app, while we use CBE.",5,2025-08-28,CBE,Google Play
woooow,5,2025-08-28,CBE,Google Play
Redmi,1,2025-08-28,CBE,Google Play
·ä†·à≠·çç ·äê·ãç ·äê·åà·à≠ ·åç·äï ·à¥·â• ·ã´·à®·åà·ãç·äï ·ä†·ä´·ãç·äï·âµ ·ä•·ã´·å†·çã·â•·äï ·äê·ãç,5,2025-08-28,CBE,Google Play
kamil aweil,5,2025-08-27,CBE,Google Play
nice,3,2025-08-27,CBE,Google Play
In your next update can you come with night mode future,5,2025-08-27,CBE,Google Play
"Truly, super competitive when compared to a well known app nowadays functioning broadly by simplest features and means namely known as Telebirr super app, Thus, CBE is my top ultimate choice that I prefer over the other bank due to its beautiful power of lead as a result I could recommend CBE to others because of its service provision via ethical principles and practice for customers satisfaction with existence of constraints and challenges face from burglary and froudalent hacker. Thank you !",5,2025-08-27,CBE,Google Play
mayreba app you its better if you use other banks,1,2025-08-27,CBE,Google Play
Not Prefect Transfer To Other Bank The Mony Not Deliverd Imidetliy Take Three Or Five Days,1,2025-08-27,CBE,Google Play
good app,5,2025-08-27,CBE,Google Play
let us know before you shut down the app,4,2025-08-26,CBE,Google Play
excited,5,2025-08-26,CBE,Google Play
amizing,5,2025-08-26,CBE,Google Play
love it,5,2025-08-26,CBE,Google Play
yes it is v good,5,2025-08-26,CBE,Google Play
A great update in the Mobile Banking Application. Thanks for the System and customization department,5,2025-08-26,CBE,Google Play
this app is smart.,5,2025-08-26,CBE,Google Play
I am happy,5,2025-08-25,CBE,Google Play
good,5,2025-08-25,CBE,Google Play
Still I have not face critical problems sometimes delay to open,4,2025-08-25,CBE,Google Play
excellent,5,2025-08-25,CBE,Google Play
·å§·äì ·ä®·ãµ·à®,5,2025-08-25,CBE,Google Play
The connection between bank and the app is lag relationship this must be corrected.,4,2025-08-25,CBE,Google Play
I have forgotten mobail banking password,5,2025-08-25,CBE,Google Play
nice app,5,2025-08-25,CBE,Google Play
Thank you,5,2025-08-25,CBE,Google Play
muktaar Abraahim,5,2025-08-24,CBE,Google Play
ü§ûGood One,5,2025-08-24,CBE,Google Play
why does it say change pin to 6 digits is that right?,4,2025-08-24,CBE,Google Play
One of the worst mobile banking apps in Ethiopia. You can't access your txn record for more than 2 weeks.,1,2025-08-24,CBE,Google Play
i like it and aprshat.,4,2025-08-23,CBE,Google Play
good,4,2025-08-23,CBE,Google Play
"The app has some issues I updated recently and now I am not able to send funds to my telebirr wallet, also we need to have a place we save our contacts where we usually send money to, after update I keep loosing all the important accounts.",4,2025-08-23,CBE,Google Play
best app and easy to use,5,2025-08-23,CBE,Google Play
doesn't work unless with data doesn't refresh fast other wise functions ok but after the update transferring to telebirr is not working,2,2025-08-23,CBE,Google Play
List of transactions can't load over months and years..,1,2025-08-23,CBE,Google Play
transferring money to telebirr is not working,1,2025-08-23,CBE,Google Play
I don't Like this app and there service fee is highl,5,2025-08-23,CBE,Google Play
·ä†·ã≤·à± Update ·å•·à© ·ä†·ã≠·ã∞·àà·àù. Update ·ä´·ã∞·à®·åç·ä©·âµ ·â†·äã·àã ·ä®·ãö·àÖ ·â†·çä·âµ ·àµ·àã·àã·ä≠·â£·â∏·ãç ·ã®·äê·â†·à©·âµ·äï Save ·ä†·ãµ·à≠·åé ·ã≠·ãû·âµ ·ã®·äê·â†·à®·ãç·äï ·àÅ·àâ·äï·àù ·ã®·à∞·ãé·âΩ ·ä†·ä´·ãç·äï·â∂·âΩ ·ä†·å•·çç·â∂·â•·äõ·àç.,2,2025-08-22,CBE,Google Play
good,5,2025-08-22,CBE,Google Play
this application do not show over all transaction history,3,2025-08-22,CBE,Google Play
app is note active working crash,1,2025-11-30,BOA,Google Play
üôèüëç,5,2025-11-28,BOA,Google Play
Very Good,5,2025-11-28,BOA,Google Play
goof,5,2025-11-28,BOA,Google Play
good!,5,2025-11-28,BOA,Google Play
good jop,5,2025-11-27,BOA,Google Play
bad exprience...it is so crushed,1,2025-11-27,BOA,Google Play
not user friendly at all it requires a huge connectivity and also lags many times üòëüòëüòë,1,2025-11-26,BOA,Google Play
·àù·äï·àù ·ã®·àõ·ã≠ ·à∞·à´,1,2025-11-26,BOA,Google Play
very good,5,2025-11-25,BOA,Google Play
most of the time is not working properly,1,2025-11-24,BOA,Google Play
good service,5,2025-11-24,BOA,Google Play
not use for me,3,2025-11-23,BOA,Google Play
It keeps notifying me to disable developer options and quiet while I'm not enabled. always bring another type of problem with new updates.,1,2025-11-22,BOA,Google Play
waw,5,2025-11-20,BOA,Google Play
the lag is unbelievable when you need it the most this suks,1,2025-11-19,BOA,Google Play
I cant belive I could find the worst bank app ever .yet very simple to fix the problem and the company just ignored it. no body can do business with this kind of app.,1,2025-11-18,BOA,Google Play
it is a good app,5,2025-11-17,BOA,Google Play
it is not working at all,1,2025-11-15,BOA,Google Play
ü•∞ü•∞ü•∞ü•∞ü•∞ app is good but i was live in abroad and when i enter my otp code it didnt make me to write my code it the app want it self write thats not fair so please other wise i like it why,5,2025-11-15,BOA,Google Play
when trying to activate the app it keeps on loading on the security questions page. It has been two days,1,2025-11-12,BOA,Google Play
fast and simple,5,2025-11-10,BOA,Google Play
best of best,5,2025-11-10,BOA,Google Play
Worest Banking App Ever I seen. Fake App Bad Better to Leave,1,2025-11-10,BOA,Google Play
good,4,2025-11-10,BOA,Google Play
"I would like to share feedback regarding the application. It frequently experiences disruptions and does not function properly, often freezing or failing to load. This issue is affecting workflow and efficiency. Kindly review and address this problem to ensure smoother performance.",1,2025-11-08,BOA,Google Play
Meet you genuine.App I tried is not functional.Helping.welldoingwith BOA Ethiopia .fastandrelevant.morconnecting Digitalyworld.Digitalyworld. thanks.,5,2025-11-08,BOA,Google Play
best app,5,2025-11-08,BOA,Google Play
Best app,5,2025-11-07,BOA,Google Play
"Barely works, it always fails to connect",1,2025-11-07,BOA,Google Play
my fav app,5,2025-11-06,BOA,Google Play
this app launch time is so long also has dozen bugs in addition it's has been long time get update,1,2025-11-05,BOA,Google Play
very nice,5,2025-11-04,BOA,Google Play
"Your application is very irritating to use, some functionality doesn't even work like on the card management. You need to do better than this and it good idea to reference other banking applications.",3,2025-11-04,BOA,Google Play
I like,5,2025-11-02,BOA,Google Play
·ãà·ã≠ ·ä†·àª·àΩ·àâ·âµ·äì ·ä•·äï·å†·âÄ·àù·â†·âµ ·ã´·àà·ã´ ·â•·â≥·å†·çâ·âµ ·ã≠·àª·àã·àç·ç¢ ·â†·âÉ ·àù·äï·àù ·äê·åà·à≠ ·ä†·ã≠·à∞·à´·àù ·àò·â∞·åç·â†·à™·ã´ ·ä†·àà·äï ·â•·àã·âΩ·àÅ ·ä•·äï·ã≥·â≥·ãà·à© ·àà·àõ·äï·àù ·ã®·àõ·ã≠·àò·ä®·à≠ ·âÄ·à≠·çã·çã·äì ·â∞·åç·â£·à≠ ·ã®·àà·àΩ ·àò·â∞·åç·â†·à™·ã´,1,2025-11-01,BOA,Google Play
i m sorry but it doesn't work for my android it is too slow but other bank are very fast please update,1,2025-10-30,BOA,Google Play
"the worst app ever,",1,2025-10-30,BOA,Google Play
better,5,2025-10-29,BOA,Google Play
"I kindly request that Bank of abyssinia address issues with its mobile app. It is very slow, has numerous problems, and frequently experiences downtime. The user experience is also poor. Thank you.",1,2025-10-28,BOA,Google Play
this app can't open? what is problem? please solve my problem?,1,2025-10-27,BOA,Google Play
kiyaa makonn,5,2025-10-27,BOA,Google Play
very very lazy app,1,2025-10-26,BOA,Google Play
telebirr remittance,5,2025-10-24,BOA,Google Play
The best bank in üá™üáπ,5,2025-10-23,BOA,Google Play
its good,5,2025-10-22,BOA,Google Play
the worst app in my financial experience.,1,2025-10-22,BOA,Google Play
good for mb appliciation,5,2025-10-21,BOA,Google Play
the worst bank ever. slow don't accept dual sim. they are very stupid and greedy,1,2025-10-20,BOA,Google Play
try to easy network,4,2025-10-17,BOA,Google Play
hussen hassen umer,5,2025-10-16,BOA,Google Play
"The app is not suitable and lacks a good UI design. As a large bank, you must update your app with a professional UI that is fast and appropriate.",2,2025-10-16,BOA,Google Play
an exceptional banking app.,5,2025-10-15,BOA,Google Play
alhamdulilah,5,2025-10-10,BOA,Google Play
poor,5,2025-10-10,BOA,Google Play
Best of best,5,2025-10-08,BOA,Google Play
from the last week updates the app is not working Please check the problems,1,2025-10-08,BOA,Google Play
It's always crushing,1,2025-10-08,BOA,Google Play
office branches have to improve their services please,4,2025-10-06,BOA,Google Play
‚ô•Ô∏è‚ô•Ô∏è,5,2025-10-05,BOA,Google Play
Why does it keep crashing? I can't even use this. BOA should do better. You have many customers and how to deal with this. I can't send money now.,1,2025-10-05,BOA,Google Play
it needs a timely update,5,2025-10-02,BOA,Google Play
"It does not show the name of the person who sent the money to request a receipt. This has become very difficult for us. When different people transfer the same amount to me from different banks, it is very difficult to identify the account or the name of the sender.",3,2025-10-01,BOA,Google Play
Like,5,2025-10-01,BOA,Google Play
I can't type my otp on it.,1,2025-10-01,BOA,Google Play
"most of bank apps in Ethiopia are linked with ethiopian phone number, I live in US permanently so when I open BoA account, I told them where I live and to link it with email address instead of phone # as ethio phone number is not working where I live, unfortunetly my fear appeared and now when I change my phone device, it send the code to the ethio number which is not with me now. so please when u develop bank apps consider the diaspora community to use ur apps",1,2025-10-01,BOA,Google Play
jaajja,4,2025-09-30,BOA,Google Play
I love this bank the best experience ever.,5,2025-09-27,BOA,Google Play
"Nothing has been improved, it doesn't work like the previous version.",1,2025-09-25,BOA,Google Play
easy and fast,5,2025-09-23,BOA,Google Play
Great,5,2025-09-20,BOA,Google Play
mobile banking,5,2025-09-19,BOA,Google Play
very good,5,2025-09-18,BOA,Google Play
üòé,5,2025-09-17,BOA,Google Play
"need alot of connection, chooses device, very lug even when there is connection",1,2025-09-17,BOA,Google Play
On my ios it's perfect but on android it barley works and don't transfer and after a while it crushed and totally stopped working. Please fix the issue my beloved bank of abyssinia.,1,2025-09-15,BOA,Google Play
since the last update i can open the app crashes a lot and omg its being very slow opening and loading,2,2025-09-15,BOA,Google Play
none,5,2025-09-14,BOA,Google Play
good,2,2025-09-12,BOA,Google Play
good,5,2025-09-12,BOA,Google Play
very good app i ever used,5,2025-09-11,BOA,Google Play
its nice app especially the transaction limit is extended but We face that BoA m.banking app doesn't respond at the activation stage strictly at SMSNG mobile phone. please try this to make safe.,4,2025-09-11,BOA,Google Play
zedo,5,2025-09-10,BOA,Google Play
please open my mobile app,5,2025-09-10,BOA,Google Play
it doesn't open,1,2025-09-10,BOA,Google Play
Very Good,5,2025-09-08,BOA,Google Play
masha alla,5,2025-09-07,BOA,Google Play
Best banking transaction application in Ethiopia !,5,2025-09-05,BOA,Google Play
ÿßŸÑÿ≥ŸÑÿßŸÖ ÿπŸÑŸäŸÉŸÖ Ÿàÿ±ÿ≠ŸÖÿ© ÿßŸÑŸÑŸá Ÿàÿ®ÿ±ŸÉÿßÿ™Ÿá ŸÖÿßÿ¥ÿßÿ° ÿßŸÑŸÑŸá ÿ™ÿ®ÿßÿ±ŸÉ ÿßŸÑÿ±ÿ≠ŸÖŸÜ Ÿáÿ∞ÿß ÿßŸÑÿ™ÿ∑ÿ®ŸäŸÇ ŸÖŸÖÿ™ÿßÿ≤ ÿ¨ÿØÿß,5,2025-09-04,BOA,Google Play
tamaam kamal,1,2025-09-03,BOA,Google Play
·â†·å£·àù ·àê·à™·çç,5,2025-09-03,BOA,Google Play
great üëç,5,2025-09-01,BOA,Google Play
goof,4,2025-08-31,BOA,Google Play
absiniya banki,5,2025-08-29,BOA,Google Play
has issue after installation and i think it doesn't work with tecno common 30,1,2025-08-26,BOA,Google Play
One of the best in this business,5,2025-08-25,BOA,Google Play
Excellent,5,2025-08-20,BOA,Google Play
besatü•∞,5,2025-08-19,BOA,Google Play
unlimited experience,5,2025-08-17,BOA,Google Play
"as bank, u should at least hire someone good at their job bc this a joke nowadays I can't even log in or even transfer without it crashing if u fix the app I will update this review I am counting on u boa update: so they atleast fixed it but as suggestion can u put password when in final step of sending money it will feel more secure that way",4,2025-08-16,BOA,Google Play
very nice mobile banking app my favourite,5,2025-08-16,BOA,Google Play
"it almost never boots up!!! and even if it did, it crashes immediately",1,2025-08-15,BOA,Google Play
best apps,5,2025-08-15,BOA,Google Play
the worst app ever to exist in a bank history,1,2025-08-15,BOA,Google Play
thank you,5,2025-08-13,BOA,Google Play
Best mobile app in the country,5,2025-08-13,BOA,Google Play
not fast,2,2025-08-12,BOA,Google Play
keeps freezing at the front page.,1,2025-08-10,BOA,Google Play
it is not working on redminote 11 pro+ pls fix it,1,2025-08-07,BOA,Google Play
abseniya bank app,5,2025-08-07,BOA,Google Play
good,5,2025-08-05,BOA,Google Play
yes goode app,5,2025-08-03,BOA,Google Play
Great App,5,2025-08-02,BOA,Google Play
1) Crashes repeatedly 2) Takes Century to Boot 3) Repeatedly requires Update which is very annoying. 4) It doesn't ask for Password for one step confirmation when transferring money. 5) Automatically stops music when the app is launched (it doesn't really matter just fyi) Overall this have to be the worst mobile banking app I have tried so far and should not be released with all these bugs & issues.,1,2025-08-02,BOA,Google Play
·à®·åÄ·â•·äê·à±,1,2025-07-31,BOA,Google Play
The Worst Mobile Banking App.,1,2025-07-30,BOA,Google Play
giod,5,2025-07-30,BOA,Google Play
best bank in ethiopia,5,2025-07-29,BOA,Google Play
waqayyoo,5,2025-07-27,BOA,Google Play
please is not working,2,2025-07-27,BOA,Google Play
nothing when I need to install the Apk it say that re-up date,5,2025-07-24,BOA,Google Play
I can log in from any where,5,2025-07-22,BOA,Google Play
üòá,3,2025-07-20,BOA,Google Play
no proplem,5,2025-07-20,BOA,Google Play
üëçüëçüëç,5,2025-07-19,BOA,Google Play
excellent app,5,2025-07-18,BOA,Google Play
good work,5,2025-07-15,BOA,Google Play
‚òπÔ∏è,5,2025-07-15,BOA,Google Play
excellent,5,2025-07-14,BOA,Google Play
Great BoA,5,2025-07-14,BOA,Google Play
Good,5,2025-07-14,BOA,Google Play
Okay,4,2025-07-13,BOA,Google Play
not working,1,2025-07-12,BOA,Google Play
This App is Getting worse and worse with every update,2,2025-07-11,BOA,Google Play
·àù·à≠·å• ·äê·ãç,1,2025-07-10,BOA,Google Play
nice,5,2025-07-10,BOA,Google Play
Best app,5,2025-07-07,BOA,Google Play
meku,5,2025-07-07,BOA,Google Play
nice,4,2025-07-04,BOA,Google Play
awasome app go a head,5,2025-07-03,BOA,Google Play
üòé,5,2025-07-03,BOA,Google Play
it sucks as hell. it crashes most of the time and takes a long time to load .,1,2025-07-02,BOA,Google Play
"The App is nice and easy to use but after some time it crushed and said ""Error check your device connectivity"" please fix it",3,2025-07-02,BOA,Google Play
Easy and very nice app to load more than the previouse but in recent time some loading problem detected.,5,2025-07-01,BOA,Google Play
wow,5,2025-06-30,BOA,Google Play
"The worst MBA I have experienced, The app crush frequently and they take to long to fix the problem even more than a week.",1,2025-06-26,BOA,Google Play
amazing Banks Appüëåüëå,3,2025-06-25,BOA,Google Play
goof,5,2025-06-25,BOA,Google Play
good App fore me,5,2025-06-25,BOA,Google Play
"very uninterested it's not working when the ""developer mode on"" i haven't off the developer options i preferred to uninstall your app .....",1,2025-06-24,BOA,Google Play
fantastic,5,2025-06-22,BOA,Google Play
üëç,4,2025-06-21,BOA,Google Play
it's nice to use.,5,2025-06-20,BOA,Google Play
app doesn't start,1,2025-06-20,BOA,Google Play
Excellent application,5,2025-06-18,BOA,Google Play
its very bad app its very slow,1,2025-06-17,BOA,Google Play
·â•·ãô·ã¨ ·à∫·ãã·ã® ·â†·àà·å†,1,2025-06-15,BOA,Google Play
good,1,2025-06-15,BOA,Google Play
Good job!,5,2025-06-13,BOA,Google Play
best financial app.,5,2025-06-11,BOA,Google Play
·âÜ·äï·åÜ ·äê·ãç ·â†·à≠·â±,5,2025-06-11,BOA,Google Play
the worst app humans ever created,1,2025-06-09,BOA,Google Play
it's not working,3,2025-06-05,BOA,Google Play
"Hello, I‚Äôm facing a problem with the BOA Mobile app. Every time I enter my phone number and password, the app crashes and shows an error that says ‚ÄúBoaMobile closed because this app has a bug.‚Äù I tried updating, reinstalling, and clearing cache, but nothing worked. Please fix this bug in the next update. I really need access to my account. Thank you.",1,2025-06-03,BOA,Google Play
exceptional,5,2025-06-03,BOA,Google Play
BoA Mobile good bank,5,2025-06-02,BOA,Google Play
this is worest app 24/7 loading,1,2025-06-01,BOA,Google Play
BoA system is confartable,5,2025-05-31,BOA,Google Play
"this app, for me , is a waste of time. It doesn't work . I can't even long in, and it really piss me off. FIX THE PROBLEM",1,2025-05-27,BOA,Google Play
Good service.,3,2025-05-25,BOA,Google Play
the app crush frequently,1,2025-05-24,BOA,Google Play
good,5,2025-05-22,BOA,Google Play
You guys keeps getting worst,1,2025-05-21,BOA,Google Play
good,5,2025-05-21,BOA,Google Play
"This app is a joke. It crashes more than it works, takes forever to load, and half the features are just decorative at this point. Can‚Äôt log in, can‚Äôt transfer money, can‚Äôt even check my balance without it bugging out. To the developer: Are you actually trying to make this work, or is this some kind of social experiment to test our patience? Did you build this in your sleep? Because it definitely looks like it. If this is your idea of a functional app, maybe consider a different career pathüôè",1,2025-05-21,BOA,Google Play
BoA,2,2025-05-20,BOA,Google Play
good,5,2025-05-20,BOA,Google Play
but not opening on android,4,2025-05-19,BOA,Google Play
Worst App ever. Totally unreliable. And it didn't work at all for the last 4 months.,1,2025-05-18,BOA,Google Play
amazing,5,2025-05-18,BOA,Google Play
excellent,5,2025-05-15,BOA,Google Play
"this app does no work on Samsung a51, it just gives a preview of the logo",1,2025-05-11,BOA,Google Play
nice,5,2025-05-10,BOA,Google Play
"i entered incorrect security question by mistake boa app lock pin forever, why is there no other options? ?? i contacted different branchs more then 4times but they didn't able to solve this issue .",5,2025-05-10,BOA,Google Play
Best app,5,2025-05-09,BOA,Google Play
liking this application good üëç,5,2025-05-07,BOA,Google Play
"This app future is good, but there is problems with apps to reset and activate it, which is difficult even to the branch staffs, and it takes too long times to active at the branch plus most of the time high expected failure of activation after process at the counter and OTP sent not work",1,2025-05-06,BOA,Google Play
good,5,2025-05-06,BOA,Google Play
good,5,2025-05-02,BOA,Google Play
good,4,2025-04-30,BOA,Google Play
good,4,2025-04-30,BOA,Google Play
wow,5,2025-04-28,BOA,Google Play
it's really good üëç,5,2025-04-23,BOA,Google Play
Bad app . it stuck when you open and noting WORKS.,1,2025-04-23,BOA,Google Play
"the app isn't working after it asked me the password it starts loading, but it doesn't open",3,2025-04-20,BOA,Google Play
Best,2,2025-04-19,BOA,Google Play
It keeps showing this pop up to turn off developer options even tho it's off! I had to turn on and then off to make it work! This is a horrible experience and needs a fix asap! Plus kinda slow.,1,2025-04-18,BOA,Google Play
yideg,1,2025-04-17,BOA,Google Play
great boa,5,2025-04-10,BOA,Google Play
Best,5,2025-04-10,BOA,Google Play
boa of mobile backing,5,2025-04-09,BOA,Google Play
nice,5,2025-04-08,BOA,Google Play
faster bank of Abissinya,5,2025-04-08,BOA,Google Play
i would have given it a lower if it was possible because it crush so much and it take the bank so long to fix the bug,1,2025-04-08,BOA,Google Play
it just doesn't work...so frustrating,1,2025-04-07,BOA,Google Play
like,5,2025-04-06,BOA,Google Play
it's not work correctly... you must have update it,1,2025-04-06,BOA,Google Play
"the app gets a considerable improvements like language , QR scanner and unlimited transfers survice. but BOA Please do alot on its fastness and convenient when we login and making a transactions.",5,2025-04-04,BOA,Google Play
after i typed in my password it says successfully logged out ...and goes back to the first page,2,2025-04-04,BOA,Google Play
good but they don't update enough don't add new things,3,2025-04-04,BOA,Google Play
very good,5,2025-04-02,BOA,Google Play
thank you,5,2025-04-01,BOA,Google Play
it doesn't work period z slowest mobile banking ever i would rather use *815#,1,2025-03-31,BOA,Google Play
"after activated the application it not allowed to sign , automatically it is turn off In my phone, why ?",1,2025-03-31,BOA,Google Play
good application,5,2025-03-30,BOA,Google Play
this version is not working for me I cannot even buy card. I cannot send money,1,2025-03-30,BOA,Google Play
"It can't actively on initialization, it says incorrect OTP getting the exact OTP",1,2025-03-29,BOA,Google Play
always problematic hardly works,1,2025-03-26,BOA,Google Play
considering the fact the bank is huge this app really bad you could do better,1,2025-03-25,BOA,Google Play
best app,5,2025-03-25,BOA,Google Play
very good,5,2025-03-25,BOA,Google Play
"worst app and Bank ever u be ashamed, scammer",1,2025-03-24,BOA,Google Play
great BoA,5,2025-03-22,BOA,Google Play
best,5,2025-03-21,BOA,Google Play
i have went to the bank so many times because i couldn't make any transaction i can only see my balance nothing else so what is the point of having mobile banking if i can't make any transaction with it please work in that,1,2025-03-21,BOA,Google Play
good,5,2025-03-20,BOA,Google Play
good,5,2025-03-19,BOA,Google Play
there is no speed,1,2025-03-19,BOA,Google Play
"For anyone who wants to download it, just don't!!!",1,2025-03-19,BOA,Google Play
wonderful,5,2025-03-19,BOA,Google Play
all worck,5,2025-03-19,BOA,Google Play
Loved it,5,2025-03-14,BOA,Google Play
Wow,1,2025-03-13,BOA,Google Play
"Edit: New bug, app not letting me type in my otp codes. Shameful Why does this app not allow me to use it while having developer options on? Did y'all consider that I might, perhaps, be an actual developer? Why am I expected to toggle the option on and off just to bank (restarting my phone when I do)? Why is the message labled as somthing that will ""smoothen"" the experience? This is like the most ""security consultant"" thing to implement in an app. Please invest in actual security, not this mess.",1,2025-03-12,BOA,Google Play
Improved to be the best,5,2025-03-11,BOA,Google Play
BoA,5,2025-03-11,BOA,Google Play
"Decent, but there problems sometimes it says error When i transfer money but infact it transferred because of this bug i transferred 2 times instead of 1 and also we can't transfer money to others telebirr acc we only can to our self BOE Dev fix this !!!",3,2025-03-10,BOA,Google Play
BoA Greqt Ethiopian bank.,5,2025-03-10,BOA,Google Play
"The bug is still there,the app crashes every time i try to log in, especially in old phones like my Galaxy A32",1,2025-03-10,BOA,Google Play
Almost better compared to cbe where it is not qualified for,4,2025-03-09,BOA,Google Play
what awesome apps. it is very simple to use and more much important apps.,5,2025-03-09,BOA,Google Play
Wonderfull app,5,2025-03-07,BOA,Google Play
i can't use this app why?,5,2025-03-07,BOA,Google Play
Worst mobile banking app I ever experienced I was blaming other apps but comparing with this they're too much better!!!! It clashes it takes much longer time to login while loading in short it's a complete of trash,1,2025-03-06,BOA,Google Play
Wow,4,2025-03-05,BOA,Google Play
bro the worst app made by human kind!! as a software engineer it make me so sad seeing enterprise as big as BOA make apps like this. it is a disgrace for our country!!,1,2025-03-05,BOA,Google Play
AGA B Girja Miss language of admin Afaan oromo & other Itoophiyaa languages,1,2025-03-04,BOA,Google Play
Good app,5,2025-03-03,BOA,Google Play
"I downloaded the app for the first time while reading other customers reviews and as soon as i installed and opened the app it closes back automatically, what unserious bank, now i uninstalled the app immediately",1,2025-03-02,BOA,Google Play
It has good features but sometimes it doesn't work...0,1,2025-03-02,BOA,Google Play
Very poor proformance,1,2025-03-01,BOA,Google Play
It's not opening. Really frustrating,1,2025-03-01,BOA,Google Play
Verry Amazing App from all IB,5,2025-03-01,BOA,Google Play
Not working on this days,1,2025-02-26,BOA,Google Play
Thank you BoA,5,2025-02-23,BOA,Google Play
best banking app in the wworld,5,2025-02-22,BOA,Google Play
Nice app and it's easy to use,5,2025-02-21,BOA,Google Play
"please add language in the apps setting(amharic afan oromo, tigniya,and others) sometimes bank to bank transfer is not available through time and even if if it is available not reachable‚Ä¶it is serious issue!",1,2025-02-15,BOA,Google Play
This is help full i like ittttt,5,2025-02-14,BOA,Google Play
The is not functional at all?,2,2025-02-12,BOA,Google Play
Best bank,5,2025-02-08,BOA,Google Play
Make it easy and convienient to use and perfect for all to high prefrence and choice.,3,2025-02-06,BOA,Google Play
good,5,2025-02-04,BOA,Google Play
üá™üáπüá™üáπüá™üáπüá™üáπüá™üáπüá™üáπüëçüëçüëçüëçüëçüëçüëç,5,2025-02-03,BOA,Google Play
I have been using this app for two years.It is amazing.,5,2025-01-31,BOA,Google Play
Good üëç,5,2025-01-31,BOA,Google Play
Sad experience,1,2025-01-30,BOA,Google Play
Always do update and that is annoying,3,2025-01-26,BOA,Google Play
"Best app, somehow waiting a few minutes",5,2025-01-23,BOA,Google Play
I can't dijitalize my atm in the apollo app on my phone,1,2025-01-21,BOA,Google Play
Whenever I try to sign in app close please fixed it out,2,2025-01-21,BOA,Google Play
Beter,5,2025-01-21,BOA,Google Play
Boa,4,2025-01-18,BOA,Google Play
·â†·å£·àù ·ã®·àö·ã´·àµ·å†·àã ·ä†·çï ·â†·å£·àù ·ã®·ãà·à®·ã∞ ·ãú·àÆ ·äê·ãç ·ã®·àù·à∞·å†·ãç ·ãò·àÆ It's not App it's very slow ehhhh. Why don't you upgrade the app???? It's always zero,1,2025-01-18,BOA,Google Play
Aadan Axmed Barkhadle,5,2025-01-17,BOA,Google Play
üò°üò°üò°ü§¨ü§¨ü§¨,1,2025-01-16,BOA,Google Play
Horrible customer service and app crashes Horrible!!,1,2025-01-15,BOA,Google Play
I love it,5,2025-01-14,BOA,Google Play
Best,5,2025-01-14,BOA,Google Play
It keeps asking me to turn off developer mode even when dev mode is off. Couldn't use it.,1,2025-01-13,BOA,Google Play
Goodüôè,5,2025-01-11,BOA,Google Play
Like to much,5,2025-01-10,BOA,Google Play
Thank you,5,2025-01-10,BOA,Google Play
Perfect,5,2025-01-09,BOA,Google Play
The best of best,5,2025-01-09,BOA,Google Play
I was using this app for long time it amazing user friendly UI but the i can't found for get pin button in the app,3,2025-01-07,BOA,Google Play
Boa,5,2025-01-05,BOA,Google Play
Great üëç,5,2025-01-04,BOA,Google Play
Fast and suitable for the customers.,5,2025-01-03,BOA,Google Play
Good üëç,5,2025-01-03,BOA,Google Play
Good app and helpful,5,2025-01-03,BOA,Google Play
"I will give only one star, because it faced with multiple of problems. 1. The app is not as fast as the other banks App, for e.g like CBE 2. The App asks repeatedly to switch off developer options, even if it is switched off. 3. Bank of Abyssinia's services are interesting, but they ignored the issues on the App service. 4. Most customers gave a complain on the App, but no one accept their complain to fix the issue. 5. Lastly, I will not recommend the App unless the issue has been solved ASAP!!",1,2025-01-02,BOA,Google Play
By assessing this you can tell Abyssinia bank has no idea what mobile banking is ?,1,2025-01-02,BOA,Google Play
It doesn't work at all.,2,2025-01-02,BOA,Google Play
this app is not available,1,2025-01-01,BOA,Google Play
Best,5,2025-01-01,BOA,Google Play
Wow what amazing,5,2024-12-30,BOA,Google Play
love it,5,2024-12-30,BOA,Google Play
·â†·å£·àù ·àò·àª·àª·àç ·ä†·àà·â†·âµ....... ·àà ·â£·äï·ä© ·àõ·ã≠·àò·å•·äï ·àò·â∞·åç·â†·à≠·ã´ ·äê·ãç ::,2,2024-12-30,BOA,Google Play
Lemn embi yilal??,5,2024-12-30,BOA,Google Play
Good,5,2024-12-30,BOA,Google Play
It's useless app downgraded.,1,2024-12-29,BOA,Google Play
Why is not letting me access my account. The whole point of this app is for me to gey access to my account without physically being at the bank. I would give it a zero but a one will suffice to get my point accross.,1,2024-12-27,BOA,Google Play
Nice,5,2024-12-26,BOA,Google Play
When are you going to get rid of this and have a real app that works? By far the worst mobile banking app.,1,2024-12-23,BOA,Google Play
·ä†·ã≠·à∞·à´·àù ·àº·àù ·äê·ãç·ç§,1,2024-12-23,BOA,Google Play
Not that much bad,3,2024-12-22,BOA,Google Play
Fine,5,2024-12-20,BOA,Google Play
The dirtiest application ever seen...,1,2024-12-20,BOA,Google Play
Nic ap,5,2024-12-19,BOA,Google Play
The forest app ever,1,2024-12-19,BOA,Google Play
"I love BoA more than anyone but they are cursed when it comed to mobile banking. Even though this ine is hetter it still s*cks! It will ask me to turn off developer options other wise it won't work! I use CBE, Awash birr, tekebirr, Dashen bank and others but non of them asked me this, why only BoA? Please improve your mobile banking, be competitive!",1,2024-12-18,BOA,Google Play
Bank of abissena,1,2024-12-17,BOA,Google Play
Good,3,2024-12-16,BOA,Google Play
"Easy and sooo simple to use it, also its easy to stole someones money using the app",3,2024-12-16,BOA,Google Play
GOOD,5,2024-12-14,BOA,Google Play
The worst banking app ever. Never works!,1,2024-12-13,BOA,Google Play
Poorly functioning app,3,2024-12-13,BOA,Google Play
Very nice,5,2024-12-12,BOA,Google Play
Your system is the worst you should do betterüò°üò°üò°üò°üò°üò°,2,2024-12-10,BOA,Google Play
It has been a while since you guys started giving the mobile app service but still couldn't get it to work. I'm sure you know that it doesn't work already but not sure if you're lazy or incompetent to fix it. You are losing business because of this. Complacency will have consequences.,1,2024-12-09,BOA,Google Play
"This is the best app; many features are awesome, but it should work without the need to turn off the developer options. I'm tired of having to constantly switch the developer options off and on. I've been expressing my struggles about this. I have precious settings enabled in the developer options, and to open the App Boa app, I have to turn them off. Please help us, Abyssinia Bank. I hope you can provide an update soon.",4,2024-12-08,BOA,Google Play
"I‚Äôm giving this app one star because there are no options below that. My experience has been incredibly frustrating due to the extremely long loading times, and the app even closes automatically at times. People choose mobile banking for its convenience, but this app is far too time-consuming, making it the worst I‚Äôve used. I hope improvements are made to enhance the user experience.",1,2024-12-07,BOA,Google Play
Nice,5,2024-12-07,BOA,Google Play
Very unprofessional and mischievous bank in my opinion. I have had several occasions but recently I used Abyssinia Card to withdraw money and it was deducted from my account but despite reporting several times they said they are processing it but I learned yesterday that since it has been 3 months the bank has decided to include it in their income. How absurd. If you can avoid this bank.,1,2024-12-06,BOA,Google Play
It doesn't work on my 2 devices A05 and A34 üò°,1,2024-12-02,BOA,Google Play
My attention is very important because it will be the most difficult time for me,5,2024-11-30,BOA,Google Play
"I have a worst experience while using this mobile application through out the year. Most of the time it fails to ""Login"" or automatically closed the app. And also it takes so much loading time (5 minutes +) trying to access the internal services. Sometimes also while transferring within and to other bank also fails. So, BOA please fix your app.",1,2024-11-28,BOA,Google Play
I don't know why but your apps start out great then all of a sudden don't workü§∑‚Äç‚ôÄÔ∏è,1,2024-11-28,BOA,Google Play
This application is losing major factions on a daily basis. I can count how many times I have used this app; it is completely useless and disappointing if I am not going to use it in times of need then I don't see the point.,1,2024-11-27,BOA,Google Play
exellent digital transaction of money,5,2024-11-26,BOA,Google Play
The latest update has stopped android 9 phones not to open this App. Never work properly since i started using it.,1,2024-11-26,BOA,Google Play
Best,5,2024-11-25,BOA,Google Play
Great,5,2024-11-25,BOA,Google Play
üëèüëèüëè,5,2024-11-24,BOA,Google Play
Money,5,2024-11-23,BOA,Google Play
It needs more improvment,2,2024-11-23,BOA,Google Play
Good app,5,2024-11-21,BOA,Google Play
ab,3,2024-11-20,BOA,Google Play
Ademtahir,5,2024-11-20,BOA,Google Play
‚úåÔ∏è‚úåÔ∏è,5,2024-11-20,BOA,Google Play
Please this app on my android phone,3,2024-11-19,BOA,Google Play
GOAT üêê üêê,5,2024-11-19,BOA,Google Play
"Your app doesn't match your bank, the app is disaster, super slow. Please learn something from tele birr app.",1,2024-11-19,BOA,Google Play
Fast and reliable,5,2024-11-18,BOA,Google Play
"The worst app update ever. Why would you include the ""developer option off"" thing here? Why do you care? It is my phone my money, right? That is the reason why I switched to other banks. So either turn it off or everyone will discontinue their business one by one.",1,2024-11-17,BOA,Google Play
Very good,5,2024-11-14,BOA,Google Play
One of the poorest mobile banking system,1,2024-11-13,BOA,Google Play
‚ù§‚ù§‚ù§‚ù§‚ù§‚ù§,5,2024-11-12,BOA,Google Play
Oene,5,2024-11-12,BOA,Google Play
i find it interesting specially in reciept downloading,1,2024-11-12,BOA,Google Play
it good,5,2024-11-12,BOA,Google Play
"This app crashes everytime, please fix it",1,2024-11-12,BOA,Google Play
·ä†·äï·ãµ star ·à´·à± ·ã≠·â†·ãõ·â†·â≥·àç·ç¢ i dont recomend to use this app also the bank,1,2024-11-12,BOA,Google Play
I need a support the app is not working,5,2024-11-12,BOA,Google Play
Bast bank of ethiopia,5,2024-11-12,BOA,Google Play
Good,5,2024-11-12,BOA,Google Play
very slow app. ·ä†·â¢·à≤·äí·ã´·äï ·ä®·àö·ã´·ä≠·àç ·â£·äï·ä≠ ·ã®·àõ·ã≠·å†·â†·âÖ software app. ·ä®·âª·àã·âΩ·àÅ ·àô·àâ ·àà·àô·àâ ·ä•·äï·ã∞·åà·äì ·ä†·à∞·à©·âµ·ç¢·â†·å£·àù ·ã≠·àò·à´·ã´·àç ·ã´·à≥·çç·à´·àç·ç¢·ààapp ·ã®·ãà·å£·ãç ·ãà·å≠ ·â†·àô·àµ·äì ·ã®·â∞·â†·àã ·äê·ãç ·ã®·àö·àò·àµ·àà·ãç·ç¢,1,2024-11-12,BOA,Google Play
"thank you for your social services like, vertual banking, non touch ATM, Cadrless and withdrwal with out passbook...",5,2024-11-12,BOA,Google Play
The worst App i have never seen like this before,1,2024-11-12,BOA,Google Play
Wweeeer,4,2024-11-11,BOA,Google Play
Infinx,5,2024-11-11,BOA,Google Play
Great service,5,2024-11-11,BOA,Google Play
üëç,5,2024-11-11,BOA,Google Play
This app is not available on all android versions and some times it is not functional.,1,2024-11-08,BOA,Google Play
senayt Mesfin,4,2024-11-08,BOA,Google Play
Bad app vety bad.,1,2024-11-06,BOA,Google Play
Nice,5,2024-11-06,BOA,Google Play
Abessnya Banke,5,2024-11-05,BOA,Google Play
"The most useless app, I never expected such an irrelevant app from BOA. big shame!",1,2024-11-04,BOA,Google Play
Professional on banking app,5,2024-11-01,BOA,Google Play
Has some nice interface but always freezes or slow to load .App developers please fix this issue.,3,2024-10-27,BOA,Google Play
·ä†·ã≠·à∞·à´·àù ·ä†·àµ·â∞·ä´·ä≠·àâ·âµ,5,2024-10-26,BOA,Google Play
Please try another because this app doesn't feet the need of this generation,1,2024-10-25,BOA,Google Play
Good,4,2024-10-25,BOA,Google Play
Fast transfer,5,2024-10-24,BOA,Google Play
"What's up I can't log in, what's wrong",5,2024-10-21,BOA,Google Play
Amrumehamed,1,2024-10-21,BOA,Google Play
Good,5,2024-10-19,BOA,Google Play
"Nice to meet you my proud bank in Ethiopia.. I'm a member of this bank, i need to solve my problem of international receiving money for me from my online digital working service's over the world please? I'm working a lot of international money.But i can't get direct in Ethiopia because of don't knowing the legal ways of getting money in Ethiopia please can I get and direct deposit with BoA please üôèüôèüôè?",5,2024-10-18,BOA,Google Play
Very good,5,2024-10-18,BOA,Google Play
·ã∞·ã∞·åà·äê·àê,5,2024-10-15,BOA,Google Play
"Terrible Bank Experience It‚Äôs unbelievable that with all the modern technology, this bank still struggles with even basic transactions. The app constantly crashes, services are limited, and every time I try to transfer money or load Telebirr, there‚Äôs a huge delay. I have to wait 5 days for failed transactions to be refunded! Even USSD is unreliable. They‚Äôve put me in embarrassing situations countless times, and customer care never fixes anything. I‚Äôve switched banks, and you should too!",1,2024-10-13,BOA,Google Play
A painfully slow banking app service. Please don't make it your choice!,1,2024-10-12,BOA,Google Play
Good App,4,2024-10-12,BOA,Google Play
Best app to me,5,2024-10-11,BOA,Google Play
BOA,5,2024-10-11,BOA,Google Play
Abdulkadir,5,2024-10-10,BOA,Google Play
Bad,1,2024-10-10,BOA,Google Play
If it is possible I would gove0 star,1,2024-10-08,BOA,Google Play
Nise mobile bankig,4,2024-10-05,BOA,Google Play
Overall good app but performance needs some improvement also sometimes when using instant other bank transfers it refuses causing to be repeated several times to transfer,4,2024-10-04,BOA,Google Play
Ok,5,2024-10-04,BOA,Google Play
Just make it work pleaseü§£ this is embarrassing for a bank of your size,1,2024-10-04,BOA,Google Play
Update to the simplest way it requires the developer option on and off why this is,5,2024-10-03,BOA,Google Play
"Stop telling me what to do with my phone, BOA. Why does your newly updated app keep asking me to disable the developer options? I‚Äôm not slowing down my phone just to use your God damn app. ü§Æü§Æü§Æü§Æ",1,2024-10-03,BOA,Google Play
I'm living out of country how may I download and use mobile banking? It asks me the Ethiopia phone number and I can't receive text to confirm because I'm out side the country. So please lete know if I can use while I'm outside the country. Thanks,1,2024-10-03,BOA,Google Play
Good,3,2024-10-03,BOA,Google Play
Worest app,1,2024-10-03,BOA,Google Play
The worest app ever,1,2024-10-03,BOA,Google Play
Very disappointing application. it's getting worst by the day. both Amole and their super app. Just abysmal. Very sad.,1,2025-10-31,Dashen,Google Play
"Banking made simple, smart, and safe.",5,2025-10-28,Dashen,Google Play
It is the best of all i liked it i used it almost 2 years. As a idea i ask dashen bank system officier please make it self registerable app,5,2025-10-27,Dashen,Google Play
gngu,5,2025-10-20,Dashen,Google Play
"The app is very good , but it does not tell the account number to which transfer is made and the transfer reciever also does not know from whom the transaction was made.Moreover it requires frequent update within short period. Hence improve it accordingly.",4,2025-09-09,Dashen,Google Play
"The best app and easy to use. The only draw back, it has no password reset option without going to brach. Pls modify it.",3,2025-08-24,Dashen,Google Play
Please enable the app for sreen shoot,1,2025-08-18,Dashen,Google Play
good,3,2025-08-11,Dashen,Google Play
good,4,2025-08-08,Dashen,Google Play
the best mobile banking app in Ethiopia,5,2025-07-19,Dashen,Google Play
·åç·ä°·ãµ app,5,2025-07-16,Dashen,Google Play
nice app,5,2025-07-16,Dashen,Google Play
it's awesome application but there is no available card less syst√®me,5,2025-07-11,Dashen,Google Play
The app suddenly stops,1,2025-06-12,Dashen,Google Play
nice app,4,2025-06-12,Dashen,Google Play
it is even super than super app,5,2025-06-11,Dashen,Google Play
It would be more helpful if a/c no used for transfer are saved and usable for any future time transfers,4,2025-06-09,Dashen,Google Play
truly one step ahead,4,2025-06-09,Dashen,Google Play
best,5,2025-06-04,Dashen,Google Play
nice application,4,2025-05-27,Dashen,Google Play
best,5,2025-05-22,Dashen,Google Play
bast smart bank sistem dashen amole dashen bamk,5,2025-05-16,Dashen,Google Play
best app,5,2025-05-16,Dashen,Google Play
·àà·ä†·å†·âÉ·âÄ·àù ·ä•·åÖ·åç ·âÄ·àã·àç·äì ·ãµ·àÖ·äï·äê·â± ·ã®·â∞·å†·â†·âÄ ·äê·ãç·ç¢,5,2025-05-15,Dashen,Google Play
"Worst app possible, I don't think it gets worse than this. Least user friendly process to exchange your own money, far too many hurdles you have to get past to make a simple money transfer. Even after getting past all the hurdles you are restricted with a min and I believe a max amount of your own money you have access to, not to mention time restrictions; I wasn't able to access my money past midnight multiple times. You can't change tab to another app, having opened this without it crashing.",1,2025-05-15,Dashen,Google Play
I'm a Dashen Bank customer as I know its function and duty. Thanks.,5,2025-05-15,Dashen,Google Play
Amole is the digital mobile application what i prefer.,5,2025-05-15,Dashen,Google Play
nice,4,2025-05-12,Dashen,Google Play
best mobile banking appüëç,5,2025-05-10,Dashen,Google Play
Complicated and fake app,1,2025-04-28,Dashen,Google Play
Its Good updation from Previous,3,2025-04-25,Dashen,Google Play
yarid dima,5,2025-04-17,Dashen,Google Play
Best app,5,2025-04-13,Dashen,Google Play
"Requires updates too frequently, often has server related issues, the fingerprint always requires updating, it's the most unreliable app I've used and always fails when you want to make urgent payments.",2,2025-04-09,Dashen,Google Play
dashin,3,2025-04-07,Dashen,Google Play
disappointed because of option to transfer cash on telebirr is limited for self only.... those and other similar given choices by the bank used us to choose this bank over others! no doubt I will be not preferring this bank with no unique incentives.,1,2025-03-29,Dashen,Google Play
everything is perfect,5,2025-03-29,Dashen,Google Play
good,4,2025-03-26,Dashen,Google Play
good,5,2025-03-25,Dashen,Google Play
Dashin Bank#1,5,2025-03-19,Dashen,Google Play
Both Amole & Dashen superApp are by far the worst mobile banking apps i have ever came across. if only there is 0 star option,1,2025-03-18,Dashen,Google Play
"funny app, so much gymnastics just to be an app for sending and receiving money.",3,2025-03-18,Dashen,Google Play
I use this app so many times so i like it,5,2025-03-17,Dashen,Google Play
Why did u change the option to transfer to other tellebirr account,1,2025-03-17,Dashen,Google Play
It's nice and simple to use app.,5,2025-03-16,Dashen,Google Play
Just üëç,5,2025-03-15,Dashen,Google Play
Not god its,5,2025-03-14,Dashen,Google Play
Regarding Internet banking i really choice a Dashen Bank and I have one recommendation for app developer shall considere the low android level means 4-6 android to adress all types of android users because now a days the current updated app can't support such android.Thanks!!!,5,2025-03-08,Dashen,Google Play
It doesn't work,1,2025-03-02,Dashen,Google Play
·àù·à≠·å•,5,2025-02-27,Dashen,Google Play
Best,5,2025-02-26,Dashen,Google Play
Please the update is refused to be download on my phone tecno f1. Please solve this issue ASAP,1,2025-02-26,Dashen,Google Play
Excellent app,5,2025-02-24,Dashen,Google Play
"Very poor service, always not responding when ever we need to transfer I rate it 0 !",1,2025-02-23,Dashen,Google Play
The recent update is broken. It diesn't allow to take screen shots (which by it self is not a problem) and the share button of a transaction doesn't work nor it will download the transaction receipt. I know security is especially important for banking systems but such a huge limitations on functionality will not serve the app any good. I guess the super app is the way to go.,2,2025-02-21,Dashen,Google Play
It is good but have so much problem ...even it say not compateble to your phone...it not easy for work ..,1,2025-02-20,Dashen,Google Play
Dashen bank ATM,5,2025-02-20,Dashen,Google Play
Good,1,2025-02-17,Dashen,Google Play
Good Banking App,5,2025-02-17,Dashen,Google Play
stay hamble,5,2025-02-13,Dashen,Google Play
Great,5,2025-02-13,Dashen,Google Play
·ã≠·àÑ ·ä†·à™·çç,2,2025-02-12,Dashen,Google Play
good app i like it but still i am confused because i cannot use prperly so Please check the app,3,2025-02-12,Dashen,Google Play
Very slow and it seems it needs update everytime,1,2025-02-12,Dashen,Google Play
Best,5,2025-02-11,Dashen,Google Play
Nice,5,2025-02-11,Dashen,Google Play
Open app amole dashin,5,2025-02-10,Dashen,Google Play
Akiliua,5,2025-02-10,Dashen,Google Play
Perfiekt,5,2025-02-09,Dashen,Google Play
Help,5,2025-02-08,Dashen,Google Play
Good app,5,2025-02-08,Dashen,Google Play
A very fast mobile banking app,5,2025-02-07,Dashen,Google Play
Good,5,2025-02-07,Dashen,Google Play
Good,5,2025-02-07,Dashen,Google Play
Good job,5,2025-02-07,Dashen,Google Play
Good job,5,2025-02-06,Dashen,Google Play
It's nice and easy to use,5,2025-02-06,Dashen,Google Play
Nice app,5,2025-02-06,Dashen,Google Play
Good app i used it always,5,2025-02-06,Dashen,Google Play
It is very very slow pls update,2,2025-02-05,Dashen,Google Play
Very slow and it seems that every update something else is not working. The latest update doesn't allow me to use biometrics anymore and maximum daily transfer to Telebirr is 5k?!,1,2025-02-04,Dashen,Google Play
Good app Amole Wonderful,5,2025-02-01,Dashen,Google Play
This app needs many modifications. It takes long time to log in to the account. It is not as fast as CBE. please Update itüôèüôèüôè,1,2025-01-31,Dashen,Google Play
"The app is cool, but unlike other banks they don't provide a receipt for mobile banking transactions, which makes it useless for payments that require receipt",2,2025-01-31,Dashen,Google Play
I am glad to customer with you .I have plan to use dube ale and amole.,5,2025-01-27,Dashen,Google Play
WOW that's awesome,5,2025-01-27,Dashen,Google Play
I cant choose select an account,1,2025-01-25,Dashen,Google Play
Goodüëç,5,2025-01-22,Dashen,Google Play
Good,5,2025-01-16,Dashen,Google Play
wow,5,2025-01-15,Dashen,Google Play
we needs modification at all !,1,2025-01-14,Dashen,Google Play
It was good at first but now the system is very bad.please try to fix it.,1,2025-01-13,Dashen,Google Play
Generic error how tofix,4,2025-01-05,Dashen,Google Play
Fast and suitable to learn.,5,2025-01-03,Dashen,Google Play
"The app is extremely slow, often stuck on the logo. Security is poor, requiring only username/password. This allows unauthorized transactions. A large company like yours needs stronger security, such as two-factor authentication. The app's speed lags significantly compared to others. Numerous updates are needed to improve performance and security. Currently, it's a frustrating and time-wasting experience.",1,2025-01-02,Dashen,Google Play
Sometimes it's soo slow,3,2025-01-01,Dashen,Google Play
the best app I used always,1,2024-12-31,Dashen,Google Play
Amole apk is ..... it's very good apk . please used amole Apk,5,2024-12-29,Dashen,Google Play
fast and secure app,5,2024-12-22,Dashen,Google Play
Ok,4,2024-12-18,Dashen,Google Play
I am new for this App let me to use and i will rate 5 star while i get Satisfie,3,2024-12-17,Dashen,Google Play
Yeb,5,2024-12-12,Dashen,Google Play
Good Ait service!,5,2024-12-09,Dashen,Google Play
Sisay mustefa abani,5,2024-12-08,Dashen,Google Play
Wow,5,2024-12-05,Dashen,Google Play
"It can't load, even in a fast network connection. This app is so bad that it needs fixing",1,2024-12-04,Dashen,Google Play
The best mobile banking in Ethiopia üëçüëç,5,2024-12-02,Dashen,Google Play
Thnk you,5,2024-12-02,Dashen,Google Play
Nice,5,2024-11-30,Dashen,Google Play
I like this app b/c it has many options and easily useable,5,2024-11-28,Dashen,Google Play
Its nice but it does not have speed it requires a lot of patience it will not be for a problem,3,2024-11-28,Dashen,Google Play
It is better if he blinks (·ä®·äï·åç·ãµ ·â£·äï·ä≠666).,5,2024-11-28,Dashen,Google Play
Naysssss,5,2024-11-27,Dashen,Google Play
best,5,2024-11-27,Dashen,Google Play
It's good,3,2024-11-21,Dashen,Google Play
Big love,5,2024-11-20,Dashen,Google Play
Excellent,5,2024-11-16,Dashen,Google Play
Please decrease app size,4,2024-11-09,Dashen,Google Play
Nice app,5,2024-11-08,Dashen,Google Play
It's great,5,2024-11-08,Dashen,Google Play
Alem Zeleqe,3,2024-11-08,Dashen,Google Play
‚ù§Ô∏è,5,2024-11-08,Dashen,Google Play
Best,5,2024-11-06,Dashen,Google Play
Nice,1,2024-10-30,Dashen,Google Play
Great Financial App,5,2024-10-27,Dashen,Google Play
Deshan bank,5,2024-10-27,Dashen,Google Play
"Still in love with it but while the app start to open, it takes time pls upgrade & fix the bug.",5,2024-10-22,Dashen,Google Play
It's such an amazing app. Truly Dashen bank is always one step ahead of other banks in üá™üáπ üëç,5,2024-10-16,Dashen,Google Play
Good,5,2024-10-02,Dashen,Google Play
Best App for all users.,5,2024-10-02,Dashen,Google Play
I ilke very much,5,2024-09-25,Dashen,Google Play
"The app suffers from severe performance issues, particularly with response times. The backend seems to have high latency, as the OTP generation and delivery process consistently delays, even after the server acknowledges that it has been sent. API requests frequently fail, returning non-descriptive error messages that lack proper exception handling, making it difficult for users to understand the issue. I know you will gonne say""ehe yedekem hzb teche alteche"", but that it.",1,2024-09-12,Dashen,Google Play
"The security, cool, every time OTP!! The UI, let's not talk about the UI, But how the heck it says ""offline mode is not available"" something like that, when I enter more than the max amount to transfer. Fellas i am a web dev, this is bad UX. It needs update on the UX. Will see the UI later.",3,2024-09-10,Dashen,Google Play
Select from Sending account option not working when trying to send to other banks,2,2024-09-07,Dashen,Google Play
It's not working,1,2024-09-07,Dashen,Google Play
nice App,5,2024-09-07,Dashen,Google Play
·ã®·ä†·äï·ã∞·äõ ·âÄ·ã≥·àö ·àù·à≠·å´·âΩ·äï ·ã≥·àΩ·äï ·â£·äï·ä≠ ·àÅ·àç·åä·ãú ·ä†·äï·ãµ ·ä•·à≠·àù·åÉ ·âÄ·ã≥·àö·ç¢ ·ã®·ä†·àû·àå ·ä†·àµ·å†·âÉ·àö·ç¢,5,2024-09-02,Dashen,Google Play
best app,5,2024-08-29,Dashen,Google Play
·â†·å†·àù ·ãç·ã∞·ãµ·ä©·âµ ·àµ·àÖ·â∞·âµ ·ä®·àà·ãç ·â†·å†·àù ·àò·ãù·åà·â± ·ã∞·àµ ·â•·àé·äõ·àç,5,2024-08-24,Dashen,Google Play
üî•,4,2024-08-24,Dashen,Google Play
"Although the application is good, but, it is difficult to get out. The app does not work to get out with the back cursor . Fix it quickly.",1,2024-08-22,Dashen,Google Play
Go,3,2024-08-21,Dashen,Google Play
"I like thise app it is smart app,but when i make one mistake it will automatically block",5,2024-08-15,Dashen,Google Play
Nice,5,2024-08-14,Dashen,Google Play
Suaud,5,2024-08-05,Dashen,Google Play
wenderfull,5,2024-08-03,Dashen,Google Play
Nice app in Ethiopia,5,2024-08-01,Dashen,Google Play
Nice,5,2024-07-29,Dashen,Google Play
simply the best,5,2024-07-26,Dashen,Google Play
Very nice mob app,3,2024-07-25,Dashen,Google Play
nice,5,2024-07-24,Dashen,Google Play
Good,5,2024-07-09,Dashen,Google Play
Best,5,2024-07-02,Dashen,Google Play
"I hate this app stack and blackscreen not open as required ,normaly i resigned my job do to this app b/c our salary are depoite by dashen bank",1,2024-06-28,Dashen,Google Play
Wow Very Nice App,5,2024-06-22,Dashen,Google Play
Telebirr agent deposit is not working until now. Please fix it. Fix it fast.,5,2024-06-18,Dashen,Google Play
Very good,5,2024-06-16,Dashen,Google Play
The developers have incorporated biometric login which has made the app very convenient and user friendly. I will now increase my rating as promised,5,2024-06-14,Dashen,Google Play
Memekaye miliyoon girmaa,3,2024-06-14,Dashen,Google Play
This app is ü§©,5,2024-06-12,Dashen,Google Play
Be adjusted this app is not available anytime,5,2024-06-11,Dashen,Google Play
Super app,5,2024-06-10,Dashen,Google Play
"Very poor app! It locked my out without any reason, does not have any conformation or screenshots . And delay when opening of the app. It is just time wasting.",1,2024-06-09,Dashen,Google Play
Best app....,5,2024-06-06,Dashen,Google Play
wow amole,4,2024-06-03,Dashen,Google Play
We,1,2024-06-01,Dashen,Google Play
Best,5,2024-06-01,Dashen,Google Play
Tye app is mostly good but you should make it be able to save usernames instead of typing every time i want to login,4,2024-05-31,Dashen,Google Play
"It's good enough. But, there is slowing in beginning of the App....",5,2024-05-24,Dashen,Google Play
"Good for safety,take long way though",5,2024-05-22,Dashen,Google Play
üòò,5,2024-05-20,Dashen,Google Play
Bad app that not helping me the is not login,1,2024-05-18,Dashen,Google Play
Good,4,2024-05-14,Dashen,Google Play
Best after removal of screelock password,5,2024-05-13,Dashen,Google Play
"I really don't get how this is the lite version and it is bigger than the og app, ah well it is what it is ig ¬Ø‚Å†\‚Å†_üòÇ_‚Å†/‚Å†¬Ø",5,2024-05-10,Dashen,Google Play
"Dashen Bank is the gold standard of banking in Ethiopia! The mobile app makes banking convenient and efficient. Plus, the branch services is top-notch, with staff always ready to assist with a smile.",5,2024-05-10,Dashen,Google Play
·àõ·ã≠,1,2024-05-09,Dashen,Google Play
Doesn't work most of the time,1,2024-05-08,Dashen,Google Play
that is awesome,5,2024-05-01,Dashen,Google Play
"It's so boring.... I don't wanna say this but this app so tough to take action. It's take long time and also it's conditional mostly it's not available, in 1 day it's work for 1 or 2 hour .... this bank so huge but de app it's not enough to define your exellence",1,2024-04-30,Dashen,Google Play
We,5,2024-04-28,Dashen,Google Play
Jafare has fyguhfiwudgg,5,2024-04-25,Dashen,Google Play
it's fine,5,2024-04-20,Dashen,Google Play
This app is very good Nice app people please use this app üòÉ‚ò∫Ô∏è‚ò∫Ô∏è,5,2024-04-19,Dashen,Google Play
Nice,5,2024-04-18,Dashen,Google Play
Wow amazing platform üôè,5,2024-04-16,Dashen,Google Play
"I tried to log in twice and locked me out. I tried to email them, but no one responded üôÉ please respond to our email back",1,2024-04-11,Dashen,Google Play
Why dont update,5,2024-04-06,Dashen,Google Play
Good app,5,2024-04-05,Dashen,Google Play
Best,5,2024-04-01,Dashen,Google Play
Nice,4,2024-03-31,Dashen,Google Play
This app is so good and its an interesting,3,2024-03-29,Dashen,Google Play
The best easy banking app ever @ Ethiopia,5,2024-03-26,Dashen,Google Play
Amole lite wow its more easy for use and more secured. I really its one step a head,5,2024-03-25,Dashen,Google Play
Excellent and Easy to use.,5,2024-03-25,Dashen,Google Play
wow,5,2024-03-24,Dashen,Google Play
it's good app I'm using it right now but after it have installed doesn't work fastly and again goes to update..plc fix the problem..,3,2024-03-23,Dashen,Google Play
Very nice,5,2024-03-22,Dashen,Google Play
It's good app,5,2024-03-22,Dashen,Google Play
Very secured app but after the last update it takes long time to start .pls minimize the start time ppl might have no patience to wait more than 30 seconds just for the app to open ..,5,2024-03-22,Dashen,Google Play
Nice,4,2024-03-22,Dashen,Google Play
I don't know why I have been stuck with other mobile banking systems when all I needed was amole... I loved it,5,2024-03-21,Dashen,Google Play
Special for me,5,2024-03-21,Dashen,Google Play
Baset app,5,2024-03-20,Dashen,Google Play
it is good App,4,2024-03-19,Dashen,Google Play
Nuuroo usmaan gaamilcom,5,2024-03-18,Dashen,Google Play
good,4,2024-03-17,Dashen,Google Play
Very good app,5,2024-03-17,Dashen,Google Play
Student,5,2024-03-17,Dashen,Google Play
Please apply!cardless cash out systemüôè,2,2024-03-17,Dashen,Google Play
it has a lot of options but it is a slowe while opning by biometric,2,2024-03-17,Dashen,Google Play
The last update is not working correctly so i stop using this app betam huwala ker new dashen bank needs to work on its digital app teams,5,2024-03-17,Dashen,Google Play
How to use application,5,2024-03-16,Dashen,Google Play
cooooolllllll,5,2024-03-16,Dashen,Google Play
I prefered you b/cs your service charge is very fair.,5,2024-03-16,Dashen,Google Play
Excellent App And Easy To Use Every where.,5,2024-03-16,Dashen,Google Play
·â∞·àò·âΩ·â∂·äì·àç,4,2024-03-16,Dashen,Google Play
The best app,5,2024-03-16,Dashen,Google Play
Well done Dashen Bank.,4,2024-03-16,Dashen,Google Play
Good,5,2024-03-13,Dashen,Google Play
"The UI/UX experience is already good, but some minor tweaks in font sizes and color can take it to the top-notch level. Imagine the sheer joy and satisfaction your users will feel when they see the polished and refined interface you've created for them. Don't miss the opportunity to impress them even more with these simple yet impactful changes.",5,2024-03-12,Dashen,Google Play
I m the one here in Dashen bank,5,2024-03-06,Dashen,Google Play
improve more,3,2024-03-04,Dashen,Google Play
·àà·àò·åç·â£·âµ (login) ·âÄ·à≠·çã·çã ·äê·ãç ·ç¢,1,2024-03-03,Dashen,Google Play
I like this,3,2024-03-03,Dashen,Google Play
Longin fails repeatedly,3,2024-02-27,Dashen,Google Play
One of the best app I have ever seen it's simple to use,5,2024-02-26,Dashen,Google Play
Personal scored,5,2024-02-25,Dashen,Google Play
Nice app,5,2024-02-24,Dashen,Google Play
best app,5,2024-02-24,Dashen,Google Play
Best app,3,2024-02-24,Dashen,Google Play
Good,5,2024-02-24,Dashen,Google Play
Welcome,4,2024-02-22,Dashen,Google Play
Good,5,2024-02-20,Dashen,Google Play
Needs to be underrated. Bad service,1,2024-02-20,Dashen,Google Play
Easy to use,4,2024-02-15,Dashen,Google Play
Its nice,5,2024-02-12,Dashen,Google Play
Mudeme,5,2024-02-11,Dashen,Google Play
The upgraded Amole lite app is nice. I‚Äôve loved it. But #USSD CANNOT BE ADJUSTED FOR NEW CUSTOMERS ESPECIALLY THOSE WHO DO NOT HAVE SMARTPHONES. YOU NEED TO IMPROVE THIS ONE,5,2024-02-11,Dashen,Google Play
Good,1,2024-02-11,Dashen,Google Play
Past,5,2024-02-10,Dashen,Google Play
Nice app,5,2024-02-10,Dashen,Google Play
It doesn't work,5,2024-02-09,Dashen,Google Play
Open,1,2024-02-08,Dashen,Google Play
Good app,1,2024-02-08,Dashen,Google Play
good,5,2024-02-07,Dashen,Google Play
Awesome,5,2024-02-06,Dashen,Google Play
receipt downloading is not avialable in this version,1,2024-02-04,Dashen,Google Play
Good üëç,5,2024-02-04,Dashen,Google Play
Not reliable!,1,2024-02-04,Dashen,Google Play
The last update doesn't work when you chose account to send money on lower Android version,1,2024-02-04,Dashen,Google Play
Nice app,1,2024-02-03,Dashen,Google Play
Exchange rate is not real,5,2024-02-03,Dashen,Google Play
Good,5,2024-02-03,Dashen,Google Play
Good Security,5,2024-02-02,Dashen,Google Play
"It's good app but i can not see the history of transactions on the app and also updated one is not good can't send always says, choose account",5,2024-02-02,Dashen,Google Play
Its good,5,2024-02-01,Dashen,Google Play
Happy day,4,2024-02-01,Dashen,Google Play
"Disabled taking screenshots so there's no way to share payment confirmation screenshot with people. When you think the app couldn't get any worse, somehow these people find a way to do so.",1,2024-02-01,Dashen,Google Play
Too technical.,1,2024-02-01,Dashen,Google Play
Excellent,5,2024-02-01,Dashen,Google Play
ü•∞ü•∞ü•∞ü•∞,5,2024-02-01,Dashen,Google Play
Fast and secured,5,2024-02-01,Dashen,Google Play
Good,5,2024-02-01,Dashen,Google Play
Good but it need additional work it is slow in respond,3,2024-01-31,Dashen,Google Play
Nice app,5,2024-01-31,Dashen,Google Play
My best,5,2024-01-31,Dashen,Google Play
"l am old customer of dashen bank, i started to use this app almost for five month, in those time i didn't saw any negative on this app, its interesting and you can pay and recieve payment easily. from ethiopian banks i give five star its always seek new technology than ever bank.",5,2024-01-31,Dashen,Google Play
Its nice please add reprint to get the receit,5,2024-01-31,Dashen,Google Play
Amole 100%,5,2024-01-30,Dashen,Google Play
I like it this app,4,2024-01-30,Dashen,Google Play
Best,5,2024-01-30,Dashen,Google Play
Smart and best always !,5,2024-01-30,Dashen,Google Play
Ok,1,2024-01-30,Dashen,Google Play
Dashed Bank A...,5,2024-01-29,Dashen,Google Play
Best app,5,2024-01-28,Dashen,Google Play
·ã´·àõ·âΩ·äã·àç ·ä†·ã≠·à∞·à´·àù,1,2024-01-22,Dashen,Google Play
since i started using this app its speed and reliability is great as well. it incorporates all technologies. I am very impressed with the modern work you are doing with little effort.,5,2024-01-21,Dashen,Google Play
"It doesn't work, it keeps saying ""there was a problem submitting your request. Please try again later"" how come banking app service down all the time. It is very irritating.",1,2024-01-17,Dashen,Google Play
Excellent quality Applications Dashen bank for ever,5,2024-01-15,Dashen,Google Play
Good,5,2024-01-13,Dashen,Google Play
Way,5,2024-01-13,Dashen,Google Play
This is the most ridiculous thing I have ever seen they are on maintenance everyother day,1,2023-12-31,Dashen,Google Play
Well improved!,4,2023-12-29,Dashen,Google Play
Keeps hanging ..,3,2023-12-24,Dashen,Google Play
It's exceptional,5,2023-12-24,Dashen,Google Play
Dashen Bank Amole Lite essy to use and the connection is fast.,5,2023-12-23,Dashen,Google Play
Ita fantastic,5,2023-12-23,Dashen,Google Play
It is best app,5,2023-12-19,Dashen,Google Play
Top,5,2023-12-18,Dashen,Google Play
Dashen Bank is App ü•∞üëå,5,2023-12-18,Dashen,Google Play
<> ·àò·çà·ä≠·à´·âΩ·ãç ·ä•·äì ·àµ·à´·âΩ·ãç ·ä†·ã≠·åà·äì·äù·àù ·ç¢ ·â†·å£·àù ·ã®·àö·ã´·àµ·å†·àã app ·äê·ãç·ç¢ ·âÄ·ãµ·àû ·ã´·àç·ãò·àò·äì ·äê·ãç ·â†·ä†·å†·âÉ·àã·ã≠ ·åä·ãú ·ä•·äì ·åà·äï·ãò·â• ·ã®·àö·ã´·ä®·àµ·à≠ app ·äê·ãç ·ç¢ keep our time unless uses this app,1,2023-12-18,Dashen,Google Play
I am very comfortable with the efficiency,5,2023-12-15,Dashen,Google Play
"I tried to use this app for long and failed to do so. Initially, I able to use it even though with difficulty (very slow, need of login and logout) now and then. Then i couldn't use it. I tried to reset with one of the Dashen branch bank but failed",1,2023-12-11,Dashen,Google Play
‚≠êÔ∏è‚≠êÔ∏è‚≠êÔ∏è‚≠êÔ∏è‚≠êÔ∏è,5,2023-12-07,Dashen,Google Play
Too slow!,1,2023-12-05,Dashen,Google Play
a best tecnology appl.,5,2023-11-26,Dashen,Google Play
This app no working 1 star,1,2023-11-23,Dashen,Google Play
This app works so good. But i don't get it why it never show incoming fund transfer report? Have you notice this?,3,2023-11-22,Dashen,Google Play
it s·àµ·àé·ãç ·ä†·çï·çï ·çï·àä·àµ ·â∏·äï·åç ·ä†·äï·ãµ ·çã·à∞·âµ,1,2023-11-22,Dashen,Google Play
There is always room for improvement and an opportunity to adopt! keep improving and keep evolving. I would love to see external services provided by the Amole app to utilize and actively operate our banking account. Option to invest in ideas that could build Ethiopian creativity. Yosef ke Dallas,4,2023-11-21,Dashen,Google Play
"Even though I am a long-time Dashen Bank admirer, I find this app hard to use compared to other banks' mobile apps. It has a problem refreshing account balance, I needed to log out and login to see the updated account balance. Overall, user friendliness of the app needs a serious upgrade. I will improve my rating once problems are addressed.",1,2023-11-21,Dashen,Google Play
Best,5,2023-11-18,Dashen,Google Play
"very fast ,secure and simply to use i like amole",5,2023-11-15,Dashen,Google Play
Amazing,5,2023-11-12,Dashen,Google Play
The best of the best app,5,2023-11-12,Dashen,Google Play
·àà·ä†·å†·âÉ·âÄ·àù ·ä†·àò·â∫ ·ä•·äì ·âÄ·àã·àç ·ã®·àÜ·äê ·ã®·àû·â£·ã≠·àç ·àò·â∞·åç·â†·à™·ã´ ·äê·ãç ·ç¢,5,2023-11-12,Dashen,Google Play
It is a reliable and safe application.,5,2023-11-11,Dashen,Google Play
Good,5,2023-11-11,Dashen,Google Play
"Best app, it saves traveling cost plus work time forgone. Simply bank in your home and hand üôè",5,2023-11-11,Dashen,Google Play
It is compatible.,4,2023-11-11,Dashen,Google Play
It's very good app but always try to open requested update...,4,2023-11-10,Dashen,Google Play
please how can i fix my app it keep saying application error i have tried to uninstall and install again nothing has changed please help,1,2023-11-10,Dashen,Google Play
"It is too slow application than any one of Ethiopian mobile banking apps. Please make it fast, and its feature beautiful. I am a Dashen Bank Customer and user of this app. Thank you.",2,2023-11-10,Dashen,Google Play
Best,5,2023-11-09,Dashen,Google Play
Not working sometimes,3,2023-11-08,Dashen,Google Play
The best one of the internet banking apps I've come across in Ethiopia. Only thing I would like to see added is the ability to get a receipt after the payment has been payed or transferred. Since it only gives a receipt right at the moment of payment and after that there is no way to get a receipt.,5,2023-11-08,Dashen,Google Play
nice app,4,2023-10-30,Dashen,Google Play
Excellent,5,2023-10-28,Dashen,Google Play
Best,5,2023-10-21,Dashen,Google Play
·àù·äï·ãµ·äï ·äê·ãç password üîë expired ·ã®·àö·àà·ãç,5,2023-10-17,Dashen,Google Play
Worst app ever all it does is load and fail plus your customer service on front are not supporting,1,2023-10-17,Dashen,Google Play
Best app I used it,1,2023-10-14,Dashen,Google Play
Faster secure and best international creadite card is the frist bank ethiopian bank to apply prophational card.,5,2023-10-13,Dashen,Google Play
Excllent,5,2023-10-07,Dashen,Google Play
This is nice adds that I like it.,5,2023-09-30,Dashen,Google Play
It is simple and fast.,5,2023-09-29,Dashen,Google Play
üëèüëèüëè,4,2023-09-27,Dashen,Google Play
Vary good,2,2023-09-27,Dashen,Google Play
Amazing banking app.,5,2023-09-26,Dashen,Google Play
Great app,5,2023-09-25,Dashen,Google Play
Best app ever,5,2023-09-10,Dashen,Google Play
Ashabul,5,2023-09-10,Dashen,Google Play
Best easy and secure app thank you,5,2023-09-08,Dashen,Google Play
Best app Ever!,5,2023-09-03,Dashen,Google Play
"Why not we can pay bill,directly from main account, difficult to transfer repeatedly.",5,2023-09-02,Dashen,Google Play
"Aside of some of it's major flows, the worst one yet is that it doesn't give you the full detail of your transaction history. Like the receiver's name and account number. You've to take a screenshot to document it or send it to the receiver as a confirmation.",2,2023-09-02,Dashen,Google Play
Good app for use simple and easy,5,2023-09-01,Dashen,Google Play
·â£·å†·âÉ·àã·ã≠ ·â£·äï·ä© ·ä•·ãà·ã∞·ãã·àà·àÅ·äù,5,2023-08-31,Dashen,Google Play
"Like your slogan, you are one step ahead.",5,2023-08-31,Dashen,Google Play
Good,5,2023-08-30,Dashen,Google Play
Loved,5,2023-08-30,Dashen,Google Play
Very good app and secured,5,2023-08-28,Dashen,Google Play
This app is so simple to use and secured. But while generating receipt or ·ã∞·à®·à∞·äù its required additional app XML viewer or PDF conversion app. Why? Can we view the receipt through jpg viewers?,4,2023-08-26,Dashen,Google Play
Not too bad,3,2023-08-19,Dashen,Google Play
Teribble need a lot of work to improve,1,2023-08-19,Dashen,Google Play
ok,5,2023-08-18,Dashen,Google Play
·àù·à≠·å•·ã®,5,2023-08-18,Dashen,Google Play
Baheru ·å≠·àµ,2,2023-08-16,Dashen,Google Play
Wawu,5,2023-08-12,Dashen,Google Play
Thank Dashen bank,5,2023-08-12,Dashen,Google Play
good,1,2023-08-11,Dashen,Google Play
Good,4,2023-08-11,Dashen,Google Play
Simple and secured,5,2023-08-10,Dashen,Google Play
its nice and easg to use.Also its unique part is very fast,5,2023-08-10,Dashen,Google Play
It's just ewww the app overall,2,2023-08-09,Dashen,Google Play
Love it,5,2023-08-09,Dashen,Google Play
Good App.,5,2023-08-09,Dashen,Google Play
Good,5,2023-08-04,Dashen,Google Play
Its good,5,2023-08-04,Dashen,Google Play
Simplify.,5,2023-08-01,Dashen,Google Play
Amazing,5,2023-07-31,Dashen,Google Play
"Abel Balcha, and Abel Solomon, sad to say what is annoying is to read your comment about password. Your comments on password tell your limited knowledge about digital security. Both comments goes against strong security policies; It is meant to protect your assets. Don't be careless on it. Reconsider your review. In a way you are telling how secure this app is. I hope Dashen will respond to disqualify your review points. It is just not fair.",4,2023-07-30,Dashen,Google Play
goodüëç,4,2023-07-28,Dashen,Google Play
Best,5,2023-07-27,Dashen,Google Play
good app,5,2023-07-27,Dashen,Google Play
"I really enjoy this app because by doing anything it could remind me and saying you logged in with this app, if is not you contact this number.. So I like it",5,2023-07-23,Dashen,Google Play
Tell 6836,1,2023-07-22,Dashen,Google Play
"The login should be auto filled,",3,2023-07-20,Dashen,Google Play
Good,5,2023-07-20,Dashen,Google Play
·ã®·ä†·äï·ãµ ·åä·ãú ·àù·àµ·å•·à≠ ·âÅ·å•·à≠ ·â∂·àé ·ä†·ã≠·àò·å£·àù ·â•·ãô ·à∞·ãì·âµ ·ã´·àµ·å†·â•·âÉ·àç ·àõ·àª·àª·ã´ ·ã≠·ã∞·à®·åç,2,2023-07-20,Dashen,Google Play
Good,5,2023-07-20,Dashen,Google Play
Good app,4,2023-07-18,Dashen,Google Play
Used balance check app,5,2023-07-14,Dashen,Google Play
Nice so perfect,5,2023-07-06,Dashen,Google Play
It is easy to use,5,2023-07-04,Dashen,Google Play
This appi is üëçGood,3,2023-06-09,Dashen,Google Play
·å•·à© ·äê·ãç ·åç·äï chrom ·àã·ã≠ password save ·ä†·ãµ·à≠·åé ·ã´·âÜ·ã´·àç,5,2023-06-09,Dashen,Google Play
Thankz,3,2023-06-08,Dashen,Google Play
Why should change password it's not good if ur client forget password it can be exhausted for client,2,2023-06-08,Dashen,Google Play
OTP not send on time while processing any transactions by this app.,4,2023-06-07,Dashen,Google Play
Good app,5,2023-06-06,Dashen,Google Play
"It is simple to use, one annoying thing is, it demands you to change passward frequently and then, when we get confused which passward we used last time, it locks you out, if you put wrong passward and then tells to go to your bank, which may be miles away. Please make the frequency of passward change less frequent.",2,2023-06-06,Dashen,Google Play
good upp,1,2023-06-05,Dashen,Google Play
best,5,2023-06-05,Dashen,Google Play
Five star,5,2023-05-25,Dashen,Google Play
It's amazing app use it!,5,2023-05-21,Dashen,Google Play
"I really enjoy using the amole app simple and easy. I hope the developers add card management services like change your pin, disable card and so on other than that I enjoy using amole it's great üëç",5,2023-05-16,Dashen,Google Play
I can't update amole lite and when I try to use the old version it can't log on to my account.,3,2023-05-12,Dashen,Google Play
It's good and easy to user from any branch. I say Continue ahead,5,2023-05-10,Dashen,Google Play
Good app,5,2023-05-05,Dashen,Google Play
·çà·å£·äï ·ä•·äì ·àù·à≠·å• ·â£·äï·ä≠ ·äê·ãç mobile banking ·ã∞·àû ·â†·â≥·àù ·ä£·à™·çç ·ä†·äì ·â∞·àé ·ã®·àö·ã∞·à≠·àµ ·ä®·àå·àã bank ·ã®·â∞·àà·ã® ·äê·ãç ·âÄ·å•·àâ·â†·âµ ·ç°·ç° ·ä•·äì·àò·à∞·åç·äì·àà·äï,5,2023-05-04,Dashen,Google Play
Best,5,2023-05-03,Dashen,Google Play
Best app,5,2023-04-28,Dashen,Google Play
This app is not expected from a bank that says they are pioneer in adapting technology.its user interface is worst than other bank its not intuitive at all .it needs lots of work,3,2023-04-28,Dashen,Google Play
Good,5,2023-04-17,Dashen,Google Play
best,5,2023-04-13,Dashen,Google Play
Best Application,5,2023-04-08,Dashen,Google Play
Ok,5,2023-04-01,Dashen,Google Play
·àà ·äï·åç·ãµ ·àµ·à´ yamehon 6 war yamemalsew tenshe bedr eflgalhu,4,2023-03-29,Dashen,Google Play
